0	stockcharts	accumulation_distribution_line	C:\trading-copilote\01-pipeline\bundles\stockcharts\accumulation_distribution_line.md	451	470	Extraction_StockCharts_AccumulationDistributionLine_v1.md
1	stockcharts	additional_reading	C:\trading-copilote\01-pipeline\bundles\stockcharts\additional_reading.md	471	490	Extraction_StockCharts_AdditionalReading_v1.md
2	stockcharts	advance_decline_line	C:\trading-copilote\01-pipeline\bundles\stockcharts\advance_decline_line.md	491	510	Extraction_StockCharts_AdvanceDeclineLine_v1.md
3	stockcharts	advance_decline_percent	C:\trading-copilote\01-pipeline\bundles\stockcharts\advance_decline_percent.md	511	530	Extraction_StockCharts_AdvanceDeclinePercent_v1.md
4	stockcharts	advance_decline_volume_line	C:\trading-copilote\01-pipeline\bundles\stockcharts\advance_decline_volume_line.md	531	550	Extraction_StockCharts_AdvanceDeclineVolumeLine_v1.md
5	stockcharts	advance_decline_volume_percent	C:\trading-copilote\01-pipeline\bundles\stockcharts\advance_decline_volume_percent.md	551	570	Extraction_StockCharts_AdvanceDeclineVolumePercent_v1.md
6	stockcharts	alligator	C:\trading-copilote\01-pipeline\bundles\stockcharts\alligator.md	571	590	Extraction_StockCharts_Alligator_v1.md
7	stockcharts	andrews_pitchfork	C:\trading-copilote\01-pipeline\bundles\stockcharts\andrews_pitchfork.md	591	610	Extraction_StockCharts_AndrewsPitchfork_v1.md
8	stockcharts	arms_candlevolume	C:\trading-copilote\01-pipeline\bundles\stockcharts\arms_candlevolume.md	611	630	Extraction_StockCharts_ArmsCandlevolume_v1.md
9	stockcharts	arms_index_trin	C:\trading-copilote\01-pipeline\bundles\stockcharts\arms_index_trin.md	631	650	Extraction_StockCharts_ArmsIndexTrin_v1.md
10	stockcharts	aroon	C:\trading-copilote\01-pipeline\bundles\stockcharts\aroon.md	651	670	Extraction_StockCharts_Aroon_v1.md
11	stockcharts	aroon_oscillator	C:\trading-copilote\01-pipeline\bundles\stockcharts\aroon_oscillator.md	671	690	Extraction_StockCharts_AroonOscillator_v1.md
12	stockcharts	arthur_hill_on_goals_style_and_strategy	C:\trading-copilote\01-pipeline\bundles\stockcharts\arthur_hill_on_goals_style_and_strategy.md	691	710	Extraction_StockCharts_ArthurHillOnGoalsStyleAndStrategy_v1.md
13	stockcharts	arthur_hill_on_moving_average_crossovers	C:\trading-copilote\01-pipeline\bundles\stockcharts\arthur_hill_on_moving_average_crossovers.md	711	730	Extraction_StockCharts_ArthurHillOnMovingAverageCrossovers_v1.md
14	stockcharts	ascending_triangle	C:\trading-copilote\01-pipeline\bundles\stockcharts\ascending_triangle.md	731	750	Extraction_StockCharts_AscendingTriangle_v1.md
15	stockcharts	atr_bands	C:\trading-copilote\01-pipeline\bundles\stockcharts\atr_bands.md	751	770	Extraction_StockCharts_AtrBands_v1.md
16	stockcharts	atr_trailing_stops	C:\trading-copilote\01-pipeline\bundles\stockcharts\atr_trailing_stops.md	771	790	Extraction_StockCharts_AtrTrailingStops_v1.md
17	stockcharts	average_true_range_atr	C:\trading-copilote\01-pipeline\bundles\stockcharts\average_true_range_atr.md	791	810	Extraction_StockCharts_AverageTrueRangeAtr_v1.md
18	stockcharts	average_true_range_percent_atrp	C:\trading-copilote\01-pipeline\bundles\stockcharts\average_true_range_percent_atrp.md	811	830	Extraction_StockCharts_AverageTrueRangePercentAtrp_v1.md
19	stockcharts	b_indicator	C:\trading-copilote\01-pipeline\bundles\stockcharts\b_indicator.md	831	850	Extraction_StockCharts_BIndicator_v1.md
20	stockcharts	balance_of_power_bop	C:\trading-copilote\01-pipeline\bundles\stockcharts\balance_of_power_bop.md	851	870	Extraction_StockCharts_BalanceOfPowerBop_v1.md
21	stockcharts	bob_farrells_10_rules	C:\trading-copilote\01-pipeline\bundles\stockcharts\bob_farrells_10_rules.md	871	890	Extraction_StockCharts_BobFarrells10Rules_v1.md
22	stockcharts	bollinger_band_squeeze	C:\trading-copilote\01-pipeline\bundles\stockcharts\bollinger_band_squeeze.md	891	910	Extraction_StockCharts_BollingerBandSqueeze_v1.md
23	stockcharts	bollinger_bands	C:\trading-copilote\01-pipeline\bundles\stockcharts\bollinger_bands.md	911	930	Extraction_StockCharts_BollingerBands_v1.md
24	stockcharts	bollinger_bandwidth	C:\trading-copilote\01-pipeline\bundles\stockcharts\bollinger_bandwidth.md	931	950	Extraction_StockCharts_BollingerBandwidth_v1.md
25	stockcharts	broadening_top_or_megaphone_top	C:\trading-copilote\01-pipeline\bundles\stockcharts\broadening_top_or_megaphone_top.md	951	970	Extraction_StockCharts_BroadeningTopOrMegaphoneTop_v1.md
26	stockcharts	bullish_percent_index_bpi	C:\trading-copilote\01-pipeline\bundles\stockcharts\bullish_percent_index_bpi.md	971	990	Extraction_StockCharts_BullishPercentIndexBpi_v1.md
27	stockcharts	bump_and_run_reversal	C:\trading-copilote\01-pipeline\bundles\stockcharts\bump_and_run_reversal.md	991	1010	Extraction_StockCharts_BumpAndRunReversal_v1.md
28	stockcharts	candlestick_charts	C:\trading-copilote\01-pipeline\bundles\stockcharts\candlestick_charts.md	1011	1030	Extraction_StockCharts_CandlestickCharts_v1.md
29	stockcharts	candlestick_pattern_dictionary	C:\trading-copilote\01-pipeline\bundles\stockcharts\candlestick_pattern_dictionary.md	1031	1050	Extraction_StockCharts_CandlestickPatternDictionary_v1.md
30	stockcharts	candlesticks_and_resistance	C:\trading-copilote\01-pipeline\bundles\stockcharts\candlesticks_and_resistance.md	1051	1070	Extraction_StockCharts_CandlesticksAndResistance_v1.md
31	stockcharts	candlesticks_and_support	C:\trading-copilote\01-pipeline\bundles\stockcharts\candlesticks_and_support.md	1071	1090	Extraction_StockCharts_CandlesticksAndSupport_v1.md
32	stockcharts	candlesticks_and_traditional_chart_analysis	C:\trading-copilote\01-pipeline\bundles\stockcharts\candlesticks_and_traditional_chart_analysis.md	1091	1110	Extraction_StockCharts_CandlesticksAndTraditionalChartAnalysis_v1.md
33	stockcharts	candlevolume	C:\trading-copilote\01-pipeline\bundles\stockcharts\candlevolume.md	1111	1130	Extraction_StockCharts_Candlevolume_v1.md
34	stockcharts	cci_correction	C:\trading-copilote\01-pipeline\bundles\stockcharts\cci_correction.md	1131	1150	Extraction_StockCharts_CciCorrection_v1.md
35	stockcharts	chaikin_money_flow_cmf	C:\trading-copilote\01-pipeline\bundles\stockcharts\chaikin_money_flow_cmf.md	1151	1170	Extraction_StockCharts_ChaikinMoneyFlowCmf_v1.md
36	stockcharts	chaikin_oscillator	C:\trading-copilote\01-pipeline\bundles\stockcharts\chaikin_oscillator.md	1171	1190	Extraction_StockCharts_ChaikinOscillator_v1.md
37	stockcharts	chande_trend_meter_ctm	C:\trading-copilote\01-pipeline\bundles\stockcharts\chande_trend_meter_ctm.md	1191	1210	Extraction_StockCharts_ChandeTrendMeterCtm_v1.md
38	stockcharts	chandelier_exit	C:\trading-copilote\01-pipeline\bundles\stockcharts\chandelier_exit.md	1211	1230	Extraction_StockCharts_ChandelierExit_v1.md
39	stockcharts	chart_annotation_tools	C:\trading-copilote\01-pipeline\bundles\stockcharts\chart_annotation_tools.md	1231	1250	Extraction_StockCharts_ChartAnnotationTools_v1.md
40	stockcharts	chart_patterns	C:\trading-copilote\01-pipeline\bundles\stockcharts\chart_patterns.md	1251	1270	Extraction_StockCharts_ChartPatterns_v1.md
41	stockcharts	chart_types	C:\trading-copilote\01-pipeline\bundles\stockcharts\chart_types.md	1271	1290	Extraction_StockCharts_ChartTypes_v1.md
42	stockcharts	classic_patterns	C:\trading-copilote\01-pipeline\bundles\stockcharts\classic_patterns.md	1291	1310	Extraction_StockCharts_ClassicPatterns_v1.md
43	stockcharts	cognitive_biases	C:\trading-copilote\01-pipeline\bundles\stockcharts\cognitive_biases.md	1311	1330	Extraction_StockCharts_CognitiveBiases_v1.md
44	stockcharts	commodity_channel_index_cci	C:\trading-copilote\01-pipeline\bundles\stockcharts\commodity_channel_index_cci.md	1331	1350	Extraction_StockCharts_CommodityChannelIndexCci_v1.md
45	stockcharts	connorsrsi	C:\trading-copilote\01-pipeline\bundles\stockcharts\connorsrsi.md	1351	1370	Extraction_StockCharts_Connorsrsi_v1.md
46	stockcharts	coppock_curve	C:\trading-copilote\01-pipeline\bundles\stockcharts\coppock_curve.md	1371	1390	Extraction_StockCharts_CoppockCurve_v1.md
47	stockcharts	correlation_coefficient	C:\trading-copilote\01-pipeline\bundles\stockcharts\correlation_coefficient.md	1391	1410	Extraction_StockCharts_CorrelationCoefficient_v1.md
48	stockcharts	cup_with_handle	C:\trading-copilote\01-pipeline\bundles\stockcharts\cup_with_handle.md	1411	1430	Extraction_StockCharts_CupWithHandle_v1.md
49	stockcharts	cvr3_vix_market_timing	C:\trading-copilote\01-pipeline\bundles\stockcharts\cvr3_vix_market_timing.md	1431	1450	Extraction_StockCharts_Cvr3VixMarketTiming_v1.md
50	stockcharts	decisionpoint_price_momentum_oscillator_pmo	C:\trading-copilote\01-pipeline\bundles\stockcharts\decisionpoint_price_momentum_oscillator_pmo.md	1451	1470	Extraction_StockCharts_DecisionpointPriceMomentumOscillatorPmo_v1.md
51	stockcharts	descending_triangle	C:\trading-copilote\01-pipeline\bundles\stockcharts\descending_triangle.md	1471	1490	Extraction_StockCharts_DescendingTriangle_v1.md
52	stockcharts	detrended_price_oscillator_dpo	C:\trading-copilote\01-pipeline\bundles\stockcharts\detrended_price_oscillator_dpo.md	1491	1510	Extraction_StockCharts_DetrendedPriceOscillatorDpo_v1.md
53	stockcharts	donchian_trading_guidelines	C:\trading-copilote\01-pipeline\bundles\stockcharts\donchian_trading_guidelines.md	1511	1530	Extraction_StockCharts_DonchianTradingGuidelines_v1.md
54	stockcharts	double_bottom_reversal	C:\trading-copilote\01-pipeline\bundles\stockcharts\double_bottom_reversal.md	1531	1550	Extraction_StockCharts_DoubleBottomReversal_v1.md
55	stockcharts	double_exponential_moving_average_dema	C:\trading-copilote\01-pipeline\bundles\stockcharts\double_exponential_moving_average_dema.md	1551	1570	Extraction_StockCharts_DoubleExponentialMovingAverageDema_v1.md
56	stockcharts	double_top_reversal	C:\trading-copilote\01-pipeline\bundles\stockcharts\double_top_reversal.md	1571	1590	Extraction_StockCharts_DoubleTopReversal_v1.md
57	stockcharts	dow_theory	C:\trading-copilote\01-pipeline\bundles\stockcharts\dow_theory.md	1591	1610	Extraction_StockCharts_DowTheory_v1.md
58	stockcharts	ease_of_movement_emv	C:\trading-copilote\01-pipeline\bundles\stockcharts\ease_of_movement_emv.md	1611	1630	Extraction_StockCharts_EaseOfMovementEmv_v1.md
59	stockcharts	economic_indicators	C:\trading-copilote\01-pipeline\bundles\stockcharts\economic_indicators.md	1631	1650	Extraction_StockCharts_EconomicIndicators_v1.md
60	stockcharts	elder_impulse_system	C:\trading-copilote\01-pipeline\bundles\stockcharts\elder_impulse_system.md	1651	1670	Extraction_StockCharts_ElderImpulseSystem_v1.md
61	stockcharts	elliott_wave_analysis_articles	C:\trading-copilote\01-pipeline\bundles\stockcharts\elliott_wave_analysis_articles.md	1671	1690	Extraction_StockCharts_ElliottWaveAnalysisArticles_v1.md
62	stockcharts	equivolume	C:\trading-copilote\01-pipeline\bundles\stockcharts\equivolume.md	1691	1710	Extraction_StockCharts_Equivolume_v1.md
63	stockcharts	falling_wedge	C:\trading-copilote\01-pipeline\bundles\stockcharts\falling_wedge.md	1711	1730	Extraction_StockCharts_FallingWedge_v1.md
64	stockcharts	fibonacci_arcs	C:\trading-copilote\01-pipeline\bundles\stockcharts\fibonacci_arcs.md	1731	1750	Extraction_StockCharts_FibonacciArcs_v1.md
65	stockcharts	fibonacci_fans	C:\trading-copilote\01-pipeline\bundles\stockcharts\fibonacci_fans.md	1751	1770	Extraction_StockCharts_FibonacciFans_v1.md
66	stockcharts	fibonacci_retracements	C:\trading-copilote\01-pipeline\bundles\stockcharts\fibonacci_retracements.md	1771	1790	Extraction_StockCharts_FibonacciRetracements_v1.md
67	stockcharts	fibonacci_time_zones	C:\trading-copilote\01-pipeline\bundles\stockcharts\fibonacci_time_zones.md	1791	1810	Extraction_StockCharts_FibonacciTimeZones_v1.md
68	stockcharts	finding_support_and_resistance_in_moving_averages	C:\trading-copilote\01-pipeline\bundles\stockcharts\finding_support_and_resistance_in_moving_averages.md	1811	1830	Extraction_StockCharts_FindingSupportAndResistanceInMovingAverages_v1.md
69	stockcharts	flag_pennant	C:\trading-copilote\01-pipeline\bundles\stockcharts\flag_pennant.md	1831	1850	Extraction_StockCharts_FlagPennant_v1.md
70	stockcharts	force_index	C:\trading-copilote\01-pipeline\bundles\stockcharts\force_index.md	1851	1870	Extraction_StockCharts_ForceIndex_v1.md
71	stockcharts	gap_trading_strategies	C:\trading-copilote\01-pipeline\bundles\stockcharts\gap_trading_strategies.md	1871	1890	Extraction_StockCharts_GapTradingStrategies_v1.md
72	stockcharts	gaps_and_gap_analysis	C:\trading-copilote\01-pipeline\bundles\stockcharts\gaps_and_gap_analysis.md	1891	1910	Extraction_StockCharts_GapsAndGapAnalysis_v1.md
73	stockcharts	guidelines_for_applying_elliott_wave_theory	C:\trading-copilote\01-pipeline\bundles\stockcharts\guidelines_for_applying_elliott_wave_theory.md	1911	1930	Extraction_StockCharts_GuidelinesForApplyingElliottWaveTheory_v1.md
74	stockcharts	guppy_multiple_moving_average_an_ma_ribbon_designed_to_tip_the_markets_hand	C:\trading-copilote\01-pipeline\bundles\stockcharts\guppy_multiple_moving_average_an_ma_ribbon_designed_to_tip_the_markets_hand.md	1931	1950	Extraction_StockCharts_GuppyMultipleMovingAverageAnMaRibbonDesignedToTi_v1.md
75	stockcharts	harmonic_patterns	C:\trading-copilote\01-pipeline\bundles\stockcharts\harmonic_patterns.md	1951	1970	Extraction_StockCharts_HarmonicPatterns_v1.md
76	stockcharts	head_and_shoulders_bottom	C:\trading-copilote\01-pipeline\bundles\stockcharts\head_and_shoulders_bottom.md	1971	1990	Extraction_StockCharts_HeadAndShouldersBottom_v1.md
77	stockcharts	head_and_shoulders_top	C:\trading-copilote\01-pipeline\bundles\stockcharts\head_and_shoulders_top.md	1991	2010	Extraction_StockCharts_HeadAndShouldersTop_v1.md
78	stockcharts	heikin_ashi_candlesticks	C:\trading-copilote\01-pipeline\bundles\stockcharts\heikin_ashi_candlesticks.md	2011	2030	Extraction_StockCharts_HeikinAshiCandlesticks_v1.md
79	stockcharts	high_low_bands	C:\trading-copilote\01-pipeline\bundles\stockcharts\high_low_bands.md	2031	2050	Extraction_StockCharts_HighLowBands_v1.md
80	stockcharts	high_low_index	C:\trading-copilote\01-pipeline\bundles\stockcharts\high_low_index.md	2051	2070	Extraction_StockCharts_HighLowIndex_v1.md
81	stockcharts	high_low_percent	C:\trading-copilote\01-pipeline\bundles\stockcharts\high_low_percent.md	2071	2090	Extraction_StockCharts_HighLowPercent_v1.md
82	stockcharts	how_to_trade_price_to_moving_average_crossovers	C:\trading-copilote\01-pipeline\bundles\stockcharts\how_to_trade_price_to_moving_average_crossovers.md	2091	2110	Extraction_StockCharts_HowToTradePriceToMovingAverageCrossovers_v1.md
83	stockcharts	hull_moving_average_hma	C:\trading-copilote\01-pipeline\bundles\stockcharts\hull_moving_average_hma.md	2111	2130	Extraction_StockCharts_HullMovingAverageHma_v1.md
84	stockcharts	ice_futures_and_spot_prices	C:\trading-copilote\01-pipeline\bundles\stockcharts\ice_futures_and_spot_prices.md	2131	2150	Extraction_StockCharts_IceFuturesAndSpotPrices_v1.md
85	stockcharts	ichimoku_cloud	C:\trading-copilote\01-pipeline\bundles\stockcharts\ichimoku_cloud.md	2151	2170	Extraction_StockCharts_IchimokuCloud_v1.md
86	stockcharts	ichimoku_cloud_trading_strategies	C:\trading-copilote\01-pipeline\bundles\stockcharts\ichimoku_cloud_trading_strategies.md	2171	2190	Extraction_StockCharts_IchimokuCloudTradingStrategies_v1.md
87	stockcharts	identifying_elliott_wave_patterns	C:\trading-copilote\01-pipeline\bundles\stockcharts\identifying_elliott_wave_patterns.md	2191	2210	Extraction_StockCharts_IdentifyingElliottWavePatterns_v1.md
88	stockcharts	introduction_to_candlesticks	C:\trading-copilote\01-pipeline\bundles\stockcharts\introduction_to_candlesticks.md	2211	2230	Extraction_StockCharts_IntroductionToCandlesticks_v1.md
89	stockcharts	introduction_to_chart_patterns	C:\trading-copilote\01-pipeline\bundles\stockcharts\introduction_to_chart_patterns.md	2231	2250	Extraction_StockCharts_IntroductionToChartPatterns_v1.md
90	stockcharts	introduction_to_elliott_wave_theory	C:\trading-copilote\01-pipeline\bundles\stockcharts\introduction_to_elliott_wave_theory.md	2251	2270	Extraction_StockCharts_IntroductionToElliottWaveTheory_v1.md
91	stockcharts	introduction_to_market_indicators	C:\trading-copilote\01-pipeline\bundles\stockcharts\introduction_to_market_indicators.md	2271	2290	Extraction_StockCharts_IntroductionToMarketIndicators_v1.md
92	stockcharts	introduction_to_point_and_figure_charts	C:\trading-copilote\01-pipeline\bundles\stockcharts\introduction_to_point_and_figure_charts.md	2291	2310	Extraction_StockCharts_IntroductionToPointAndFigureCharts_v1.md
93	stockcharts	introduction_to_technical_indicators_and_oscillators	C:\trading-copilote\01-pipeline\bundles\stockcharts\introduction_to_technical_indicators_and_oscillators.md	2311	2330	Extraction_StockCharts_IntroductionToTechnicalIndicatorsAndOscillators_v1.md
94	stockcharts	irrational_exuberance	C:\trading-copilote\01-pipeline\bundles\stockcharts\irrational_exuberance.md	2331	2350	Extraction_StockCharts_IrrationalExuberance_v1.md
95	stockcharts	john_murphys_10_laws_of_technical_trading	C:\trading-copilote\01-pipeline\bundles\stockcharts\john_murphys_10_laws_of_technical_trading.md	2351	2370	Extraction_StockCharts_JohnMurphys10LawsOfTechnicalTrading_v1.md
96	stockcharts	kagi_charts	C:\trading-copilote\01-pipeline\bundles\stockcharts\kagi_charts.md	2371	2390	Extraction_StockCharts_KagiCharts_v1.md
97	stockcharts	kaufmans_adaptive_moving_average_kama	C:\trading-copilote\01-pipeline\bundles\stockcharts\kaufmans_adaptive_moving_average_kama.md	2391	2410	Extraction_StockCharts_KaufmansAdaptiveMovingAverageKama_v1.md
98	stockcharts	keltner_channels	C:\trading-copilote\01-pipeline\bundles\stockcharts\keltner_channels.md	2411	2430	Extraction_StockCharts_KeltnerChannels_v1.md
99	stockcharts	linear_regression_forecast	C:\trading-copilote\01-pipeline\bundles\stockcharts\linear_regression_forecast.md	2431	2450	Extraction_StockCharts_LinearRegressionForecast_v1.md
100	stockcharts	macd_histogram	C:\trading-copilote\01-pipeline\bundles\stockcharts\macd_histogram.md	2451	2470	Extraction_StockCharts_MacdHistogram_v1.md
101	stockcharts	macd_v	C:\trading-copilote\01-pipeline\bundles\stockcharts\macd_v.md	2471	2490	Extraction_StockCharts_MacdV_v1.md
102	stockcharts	macd_v_histogram	C:\trading-copilote\01-pipeline\bundles\stockcharts\macd_v_histogram.md	2491	2510	Extraction_StockCharts_MacdVHistogram_v1.md
103	stockcharts	macd_zero_line_crosses_with_swing_points	C:\trading-copilote\01-pipeline\bundles\stockcharts\macd_zero_line_crosses_with_swing_points.md	2511	2530	Extraction_StockCharts_MacdZeroLineCrossesWithSwingPoints_v1.md
104	stockcharts	market_indicator_dictionary	C:\trading-copilote\01-pipeline\bundles\stockcharts\market_indicator_dictionary.md	2531	2550	Extraction_StockCharts_MarketIndicatorDictionary_v1.md
105	stockcharts	mass_index	C:\trading-copilote\01-pipeline\bundles\stockcharts\mass_index.md	2551	2570	Extraction_StockCharts_MassIndex_v1.md
106	stockcharts	mcclellan_oscillator	C:\trading-copilote\01-pipeline\bundles\stockcharts\mcclellan_oscillator.md	2571	2590	Extraction_StockCharts_McclellanOscillator_v1.md
107	stockcharts	mcclellan_summation_index	C:\trading-copilote\01-pipeline\bundles\stockcharts\mcclellan_summation_index.md	2591	2610	Extraction_StockCharts_McclellanSummationIndex_v1.md
108	stockcharts	measured_move_bearish	C:\trading-copilote\01-pipeline\bundles\stockcharts\measured_move_bearish.md	2611	2630	Extraction_StockCharts_MeasuredMoveBearish_v1.md
109	stockcharts	measured_move_bullish	C:\trading-copilote\01-pipeline\bundles\stockcharts\measured_move_bullish.md	2631	2650	Extraction_StockCharts_MeasuredMoveBullish_v1.md
110	stockcharts	moving_average_envelopes	C:\trading-copilote\01-pipeline\bundles\stockcharts\moving_average_envelopes.md	2651	2670	Extraction_StockCharts_MovingAverageEnvelopes_v1.md
111	stockcharts	moving_average_ribbon	C:\trading-copilote\01-pipeline\bundles\stockcharts\moving_average_ribbon.md	2671	2690	Extraction_StockCharts_MovingAverageRibbon_v1.md
112	stockcharts	moving_average_trading_strategies	C:\trading-copilote\01-pipeline\bundles\stockcharts\moving_average_trading_strategies.md	2691	2710	Extraction_StockCharts_MovingAverageTradingStrategies_v1.md
113	stockcharts	moving_momentum	C:\trading-copilote\01-pipeline\bundles\stockcharts\moving_momentum.md	2711	2730	Extraction_StockCharts_MovingMomentum_v1.md
114	stockcharts	multicollinearity	C:\trading-copilote\01-pipeline\bundles\stockcharts\multicollinearity.md	2731	2750	Extraction_StockCharts_Multicollinearity_v1.md
115	stockcharts	narrow_range_day_nr7	C:\trading-copilote\01-pipeline\bundles\stockcharts\narrow_range_day_nr7.md	2751	2770	Extraction_StockCharts_NarrowRangeDayNr7_v1.md
116	stockcharts	negative_volume_index_nvi	C:\trading-copilote\01-pipeline\bundles\stockcharts\negative_volume_index_nvi.md	2771	2790	Extraction_StockCharts_NegativeVolumeIndexNvi_v1.md
117	stockcharts	on_balance_volume_obv	C:\trading-copilote\01-pipeline\bundles\stockcharts\on_balance_volume_obv.md	2791	2810	Extraction_StockCharts_OnBalanceVolumeObv_v1.md
118	stockcharts	p_and_f_bearish_breakdowns	C:\trading-copilote\01-pipeline\bundles\stockcharts\p_and_f_bearish_breakdowns.md	2811	2830	Extraction_StockCharts_PAndFBearishBreakdowns_v1.md
119	stockcharts	p_and_f_bull_and_bear_traps	C:\trading-copilote\01-pipeline\bundles\stockcharts\p_and_f_bull_and_bear_traps.md	2831	2850	Extraction_StockCharts_PAndFBullAndBearTraps_v1.md
120	stockcharts	p_and_f_bullish_breakouts	C:\trading-copilote\01-pipeline\bundles\stockcharts\p_and_f_bullish_breakouts.md	2851	2870	Extraction_StockCharts_PAndFBullishBreakouts_v1.md
121	stockcharts	p_and_f_catapults	C:\trading-copilote\01-pipeline\bundles\stockcharts\p_and_f_catapults.md	2871	2890	Extraction_StockCharts_PAndFCatapults_v1.md
122	stockcharts	p_and_f_price_objectives	C:\trading-copilote\01-pipeline\bundles\stockcharts\p_and_f_price_objectives.md	2891	2910	Extraction_StockCharts_PAndFPriceObjectives_v1.md
123	stockcharts	p_and_f_price_objectives_breakout_and_reversal_method	C:\trading-copilote\01-pipeline\bundles\stockcharts\p_and_f_price_objectives_breakout_and_reversal_method.md	2911	2930	Extraction_StockCharts_PAndFPriceObjectivesBreakoutAndReversalMethod_v1.md
124	stockcharts	p_and_f_price_objectives_horizontal_counts	C:\trading-copilote\01-pipeline\bundles\stockcharts\p_and_f_price_objectives_horizontal_counts.md	2931	2950	Extraction_StockCharts_PAndFPriceObjectivesHorizontalCounts_v1.md
125	stockcharts	p_and_f_price_objectives_vertical_counts	C:\trading-copilote\01-pipeline\bundles\stockcharts\p_and_f_price_objectives_vertical_counts.md	2951	2970	Extraction_StockCharts_PAndFPriceObjectivesVerticalCounts_v1.md
126	stockcharts	p_and_f_signal_reversed	C:\trading-copilote\01-pipeline\bundles\stockcharts\p_and_f_signal_reversed.md	2971	2990	Extraction_StockCharts_PAndFSignalReversed_v1.md
127	stockcharts	p_and_f_trend_lines	C:\trading-copilote\01-pipeline\bundles\stockcharts\p_and_f_trend_lines.md	2991	3010	Extraction_StockCharts_PAndFTrendLines_v1.md
128	stockcharts	p_and_f_triangles	C:\trading-copilote\01-pipeline\bundles\stockcharts\p_and_f_triangles.md	3011	3030	Extraction_StockCharts_PAndFTriangles_v1.md
129	stockcharts	parabolic_sar	C:\trading-copilote\01-pipeline\bundles\stockcharts\parabolic_sar.md	3031	3050	Extraction_StockCharts_ParabolicSar_v1.md
130	stockcharts	percent_b_money_flow	C:\trading-copilote\01-pipeline\bundles\stockcharts\percent_b_money_flow.md	3051	3070	Extraction_StockCharts_PercentBMoneyFlow_v1.md
131	stockcharts	percentage_price_oscillator_ppo	C:\trading-copilote\01-pipeline\bundles\stockcharts\percentage_price_oscillator_ppo.md	3071	3090	Extraction_StockCharts_PercentagePriceOscillatorPpo_v1.md
132	stockcharts	percentage_volume_oscillator_pvo	C:\trading-copilote\01-pipeline\bundles\stockcharts\percentage_volume_oscillator_pvo.md	3091	3110	Extraction_StockCharts_PercentageVolumeOscillatorPvo_v1.md
133	stockcharts	point_and_figure_basics	C:\trading-copilote\01-pipeline\bundles\stockcharts\point_and_figure_basics.md	3111	3130	Extraction_StockCharts_PointAndFigureBasics_v1.md
134	stockcharts	point_and_figure_charts	C:\trading-copilote\01-pipeline\bundles\stockcharts\point_and_figure_charts.md	3131	3150	Extraction_StockCharts_PointAndFigureCharts_v1.md
135	stockcharts	point_and_figure_indicators	C:\trading-copilote\01-pipeline\bundles\stockcharts\point_and_figure_indicators.md	3151	3170	Extraction_StockCharts_PointAndFigureIndicators_v1.md
136	stockcharts	point_and_figure_scaling_and_timeframes	C:\trading-copilote\01-pipeline\bundles\stockcharts\point_and_figure_scaling_and_timeframes.md	3171	3190	Extraction_StockCharts_PointAndFigureScalingAndTimeframes_v1.md
137	stockcharts	price_channel	C:\trading-copilote\01-pipeline\bundles\stockcharts\price_channel.md	3191	3210	Extraction_StockCharts_PriceChannel_v1.md
138	stockcharts	price_channels	C:\trading-copilote\01-pipeline\bundles\stockcharts\price_channels.md	3211	3230	Extraction_StockCharts_PriceChannels_v1.md
139	stockcharts	price_relative_relative_strength	C:\trading-copilote\01-pipeline\bundles\stockcharts\price_relative_relative_strength.md	3231	3250	Extraction_StockCharts_PriceRelativeRelativeStrength_v1.md
140	stockcharts	prings_know_sure_thing_kst	C:\trading-copilote\01-pipeline\bundles\stockcharts\prings_know_sure_thing_kst.md	3251	3270	Extraction_StockCharts_PringsKnowSureThingKst_v1.md
141	stockcharts	prings_special_k	C:\trading-copilote\01-pipeline\bundles\stockcharts\prings_special_k.md	3271	3290	Extraction_StockCharts_PringsSpecialK_v1.md
142	stockcharts	quadrant_lines	C:\trading-copilote\01-pipeline\bundles\stockcharts\quadrant_lines.md	3291	3310	Extraction_StockCharts_QuadrantLines_v1.md
143	stockcharts	raff_regression_channel	C:\trading-copilote\01-pipeline\bundles\stockcharts\raff_regression_channel.md	3311	3330	Extraction_StockCharts_RaffRegressionChannel_v1.md
144	stockcharts	random_walk_vs_non_random_walk	C:\trading-copilote\01-pipeline\bundles\stockcharts\random_walk_vs_non_random_walk.md	3331	3350	Extraction_StockCharts_RandomWalkVsNonRandomWalk_v1.md
145	stockcharts	rate_of_change_roc	C:\trading-copilote\01-pipeline\bundles\stockcharts\rate_of_change_roc.md	3351	3370	Extraction_StockCharts_RateOfChangeRoc_v1.md
146	stockcharts	rectangle	C:\trading-copilote\01-pipeline\bundles\stockcharts\rectangle.md	3371	3390	Extraction_StockCharts_Rectangle_v1.md
147	stockcharts	relative_rotation_graphs_rrg_charts	C:\trading-copilote\01-pipeline\bundles\stockcharts\relative_rotation_graphs_rrg_charts.md	3391	3410	Extraction_StockCharts_RelativeRotationGraphsRrgCharts_v1.md
148	stockcharts	relative_volume_rvol	C:\trading-copilote\01-pipeline\bundles\stockcharts\relative_volume_rvol.md	3411	3430	Extraction_StockCharts_RelativeVolumeRvol_v1.md
149	stockcharts	renko_charts	C:\trading-copilote\01-pipeline\bundles\stockcharts\renko_charts.md	3431	3450	Extraction_StockCharts_RenkoCharts_v1.md
150	stockcharts	richard_rhodes_trading_rules	C:\trading-copilote\01-pipeline\bundles\stockcharts\richard_rhodes_trading_rules.md	3451	3470	Extraction_StockCharts_RichardRhodesTradingRules_v1.md
151	stockcharts	rising_wedge	C:\trading-copilote\01-pipeline\bundles\stockcharts\rising_wedge.md	3471	3490	Extraction_StockCharts_RisingWedge_v1.md
152	stockcharts	rounding_bottom	C:\trading-copilote\01-pipeline\bundles\stockcharts\rounding_bottom.md	3491	3510	Extraction_StockCharts_RoundingBottom_v1.md
153	stockcharts	rsi_2	C:\trading-copilote\01-pipeline\bundles\stockcharts\rsi_2.md	3511	3530	Extraction_StockCharts_Rsi2_v1.md
154	stockcharts	s_and_p_gsci_indices	C:\trading-copilote\01-pipeline\bundles\stockcharts\s_and_p_gsci_indices.md	3531	3550	Extraction_StockCharts_SAndPGsciIndices_v1.md
155	stockcharts	seasonality_charts	C:\trading-copilote\01-pipeline\bundles\stockcharts\seasonality_charts.md	3551	3570	Extraction_StockCharts_SeasonalityCharts_v1.md
156	stockcharts	sector_rotation_analysis	C:\trading-copilote\01-pipeline\bundles\stockcharts\sector_rotation_analysis.md	3571	3590	Extraction_StockCharts_SectorRotationAnalysis_v1.md
157	stockcharts	six_month_cycle_macd	C:\trading-copilote\01-pipeline\bundles\stockcharts\six_month_cycle_macd.md	3591	3610	Extraction_StockCharts_SixMonthCycleMacd_v1.md
158	stockcharts	slope	C:\trading-copilote\01-pipeline\bundles\stockcharts\slope.md	3611	3630	Extraction_StockCharts_Slope_v1.md
159	stockcharts	speed_resistance_lines	C:\trading-copilote\01-pipeline\bundles\stockcharts\speed_resistance_lines.md	3631	3650	Extraction_StockCharts_SpeedResistanceLines_v1.md
160	stockcharts	stage_10_re_examine_refine_re_enhance	C:\trading-copilote\01-pipeline\bundles\stockcharts\stage_10_re_examine_refine_re_enhance.md	3651	3670	Extraction_StockCharts_Stage10ReExamineRefineReEnhance_v1.md
161	stockcharts	stage_1_money_management	C:\trading-copilote\01-pipeline\bundles\stockcharts\stage_1_money_management.md	3671	3690	Extraction_StockCharts_Stage1MoneyManagement_v1.md
162	stockcharts	stage_2_business_of_investing	C:\trading-copilote\01-pipeline\bundles\stockcharts\stage_2_business_of_investing.md	3691	3710	Extraction_StockCharts_Stage2BusinessOfInvesting_v1.md
163	stockcharts	stage_3_the_investor_self	C:\trading-copilote\01-pipeline\bundles\stockcharts\stage_3_the_investor_self.md	3711	3730	Extraction_StockCharts_Stage3TheInvestorSelf_v1.md
164	stockcharts	stage_4_market_analysis	C:\trading-copilote\01-pipeline\bundles\stockcharts\stage_4_market_analysis.md	3731	3750	Extraction_StockCharts_Stage4MarketAnalysis_v1.md
165	stockcharts	stage_5_routines	C:\trading-copilote\01-pipeline\bundles\stockcharts\stage_5_routines.md	3751	3770	Extraction_StockCharts_Stage5Routines_v1.md
166	stockcharts	stage_6_stalking_your_trade	C:\trading-copilote\01-pipeline\bundles\stockcharts\stage_6_stalking_your_trade.md	3771	3790	Extraction_StockCharts_Stage6StalkingYourTrade_v1.md
167	stockcharts	stage_7_buying	C:\trading-copilote\01-pipeline\bundles\stockcharts\stage_7_buying.md	3791	3810	Extraction_StockCharts_Stage7Buying_v1.md
168	stockcharts	stage_8_monitoring_your_investments	C:\trading-copilote\01-pipeline\bundles\stockcharts\stage_8_monitoring_your_investments.md	3811	3830	Extraction_StockCharts_Stage8MonitoringYourInvestments_v1.md
169	stockcharts	stage_9_selling	C:\trading-copilote\01-pipeline\bundles\stockcharts\stage_9_selling.md	3831	3850	Extraction_StockCharts_Stage9Selling_v1.md
170	stockcharts	standard_deviation_volatility	C:\trading-copilote\01-pipeline\bundles\stockcharts\standard_deviation_volatility.md	3851	3870	Extraction_StockCharts_StandardDeviationVolatility_v1.md
171	stockcharts	stochastic_oscillator_fast_slow_and_full	C:\trading-copilote\01-pipeline\bundles\stockcharts\stochastic_oscillator_fast_slow_and_full.md	3871	3890	Extraction_StockCharts_StochasticOscillatorFastSlowAndFull_v1.md
172	stockcharts	stochastic_pop_and_drop	C:\trading-copilote\01-pipeline\bundles\stockcharts\stochastic_pop_and_drop.md	3891	3910	Extraction_StockCharts_StochasticPopAndDrop_v1.md
173	stockcharts	stochrsi	C:\trading-copilote\01-pipeline\bundles\stockcharts\stochrsi.md	3911	3930	Extraction_StockCharts_Stochrsi_v1.md
174	stockcharts	stock_market_cycles	C:\trading-copilote\01-pipeline\bundles\stockcharts\stock_market_cycles.md	3931	3950	Extraction_StockCharts_StockMarketCycles_v1.md
175	stockcharts	support_and_resistance	C:\trading-copilote\01-pipeline\bundles\stockcharts\support_and_resistance.md	3951	3970	Extraction_StockCharts_SupportAndResistance_v1.md
176	stockcharts	swing_charting	C:\trading-copilote\01-pipeline\bundles\stockcharts\swing_charting.md	3971	3990	Extraction_StockCharts_SwingCharting_v1.md
177	stockcharts	symmetrical_triangle	C:\trading-copilote\01-pipeline\bundles\stockcharts\symmetrical_triangle.md	3991	4010	Extraction_StockCharts_SymmetricalTriangle_v1.md
178	stockcharts	ta_101_part_1	C:\trading-copilote\01-pipeline\bundles\stockcharts\ta_101_part_1.md	4011	4030	Extraction_StockCharts_Ta101Part1_v1.md
179	stockcharts	ta_101_part_10	C:\trading-copilote\01-pipeline\bundles\stockcharts\ta_101_part_10.md	4031	4050	Extraction_StockCharts_Ta101Part10_v1.md
180	stockcharts	ta_101_part_11	C:\trading-copilote\01-pipeline\bundles\stockcharts\ta_101_part_11.md	4051	4070	Extraction_StockCharts_Ta101Part11_v1.md
181	stockcharts	ta_101_part_12	C:\trading-copilote\01-pipeline\bundles\stockcharts\ta_101_part_12.md	4071	4090	Extraction_StockCharts_Ta101Part12_v1.md
182	stockcharts	ta_101_part_13	C:\trading-copilote\01-pipeline\bundles\stockcharts\ta_101_part_13.md	4091	4110	Extraction_StockCharts_Ta101Part13_v1.md
183	stockcharts	ta_101_part_14	C:\trading-copilote\01-pipeline\bundles\stockcharts\ta_101_part_14.md	4111	4130	Extraction_StockCharts_Ta101Part14_v1.md
184	stockcharts	ta_101_part_15	C:\trading-copilote\01-pipeline\bundles\stockcharts\ta_101_part_15.md	4131	4150	Extraction_StockCharts_Ta101Part15_v1.md
185	stockcharts	ta_101_part_16	C:\trading-copilote\01-pipeline\bundles\stockcharts\ta_101_part_16.md	4151	4170	Extraction_StockCharts_Ta101Part16_v1.md
186	stockcharts	ta_101_part_17	C:\trading-copilote\01-pipeline\bundles\stockcharts\ta_101_part_17.md	4171	4190	Extraction_StockCharts_Ta101Part17_v1.md
187	stockcharts	ta_101_part_2	C:\trading-copilote\01-pipeline\bundles\stockcharts\ta_101_part_2.md	4191	4210	Extraction_StockCharts_Ta101Part2_v1.md
188	stockcharts	ta_101_part_3	C:\trading-copilote\01-pipeline\bundles\stockcharts\ta_101_part_3.md	4211	4230	Extraction_StockCharts_Ta101Part3_v1.md
189	stockcharts	ta_101_part_4	C:\trading-copilote\01-pipeline\bundles\stockcharts\ta_101_part_4.md	4231	4250	Extraction_StockCharts_Ta101Part4_v1.md
190	stockcharts	ta_101_part_5	C:\trading-copilote\01-pipeline\bundles\stockcharts\ta_101_part_5.md	4251	4270	Extraction_StockCharts_Ta101Part5_v1.md
191	stockcharts	ta_101_part_6	C:\trading-copilote\01-pipeline\bundles\stockcharts\ta_101_part_6.md	4271	4290	Extraction_StockCharts_Ta101Part6_v1.md
192	stockcharts	ta_101_part_7	C:\trading-copilote\01-pipeline\bundles\stockcharts\ta_101_part_7.md	4291	4310	Extraction_StockCharts_Ta101Part7_v1.md
193	stockcharts	ta_101_part_8	C:\trading-copilote\01-pipeline\bundles\stockcharts\ta_101_part_8.md	4311	4330	Extraction_StockCharts_Ta101Part8_v1.md
194	stockcharts	ta_101_part_9	C:\trading-copilote\01-pipeline\bundles\stockcharts\ta_101_part_9.md	4331	4350	Extraction_StockCharts_Ta101Part9_v1.md
195	stockcharts	technical_analysis	C:\trading-copilote\01-pipeline\bundles\stockcharts\technical_analysis.md	4351	4370	Extraction_StockCharts_TechnicalAnalysis_v1.md
196	stockcharts	technical_analysis_101	C:\trading-copilote\01-pipeline\bundles\stockcharts\technical_analysis_101.md	4371	4390	Extraction_StockCharts_TechnicalAnalysis101_v1.md
197	stockcharts	technical_indicators	C:\trading-copilote\01-pipeline\bundles\stockcharts\technical_indicators.md	4391	4410	Extraction_StockCharts_TechnicalIndicators_v1.md
198	stockcharts	technical_overlays	C:\trading-copilote\01-pipeline\bundles\stockcharts\technical_overlays.md	4411	4430	Extraction_StockCharts_TechnicalOverlays_v1.md
199	stockcharts	the_last_stochastic_technique	C:\trading-copilote\01-pipeline\bundles\stockcharts\the_last_stochastic_technique.md	4431	4450	Extraction_StockCharts_TheLastStochasticTechnique_v1.md
200	stockcharts	the_pre_holiday_effect	C:\trading-copilote\01-pipeline\bundles\stockcharts\the_pre_holiday_effect.md	4451	4470	Extraction_StockCharts_ThePreHolidayEffect_v1.md
201	stockcharts	the_traders_journal_by_gatis_roze	C:\trading-copilote\01-pipeline\bundles\stockcharts\the_traders_journal_by_gatis_roze.md	4471	4490	Extraction_StockCharts_TheTradersJournalByGatisRoze_v1.md
202	stockcharts	three_line_break_charts	C:\trading-copilote\01-pipeline\bundles\stockcharts\three_line_break_charts.md	4491	4510	Extraction_StockCharts_ThreeLineBreakCharts_v1.md
203	stockcharts	trading_strategies	C:\trading-copilote\01-pipeline\bundles\stockcharts\trading_strategies.md	4511	4530	Extraction_StockCharts_TradingStrategies_v1.md
204	stockcharts	trading_the_death_cross	C:\trading-copilote\01-pipeline\bundles\stockcharts\trading_the_death_cross.md	4531	4550	Extraction_StockCharts_TradingTheDeathCross_v1.md
205	stockcharts	trading_using_the_golden_cross	C:\trading-copilote\01-pipeline\bundles\stockcharts\trading_using_the_golden_cross.md	4551	4570	Extraction_StockCharts_TradingUsingTheGoldenCross_v1.md
206	stockcharts	trend_lines	C:\trading-copilote\01-pipeline\bundles\stockcharts\trend_lines.md	4571	4590	Extraction_StockCharts_TrendLines_v1.md
207	stockcharts	trend_quantification_and_asset_allocation	C:\trading-copilote\01-pipeline\bundles\stockcharts\trend_quantification_and_asset_allocation.md	4591	4610	Extraction_StockCharts_TrendQuantificationAndAssetAllocation_v1.md
208	stockcharts	triple_bottom_reversal	C:\trading-copilote\01-pipeline\bundles\stockcharts\triple_bottom_reversal.md	4611	4630	Extraction_StockCharts_TripleBottomReversal_v1.md
209	stockcharts	triple_exponential_moving_average_tema	C:\trading-copilote\01-pipeline\bundles\stockcharts\triple_exponential_moving_average_tema.md	4631	4650	Extraction_StockCharts_TripleExponentialMovingAverageTema_v1.md
210	stockcharts	triple_top_reversal	C:\trading-copilote\01-pipeline\bundles\stockcharts\triple_top_reversal.md	4651	4670	Extraction_StockCharts_TripleTopReversal_v1.md
211	stockcharts	trix	C:\trading-copilote\01-pipeline\bundles\stockcharts\trix.md	4671	4690	Extraction_StockCharts_Trix_v1.md
212	stockcharts	true_range	C:\trading-copilote\01-pipeline\bundles\stockcharts\true_range.md	4691	4710	Extraction_StockCharts_TrueRange_v1.md
213	stockcharts	true_strength_index	C:\trading-copilote\01-pipeline\bundles\stockcharts\true_strength_index.md	4711	4730	Extraction_StockCharts_TrueStrengthIndex_v1.md
214	stockcharts	ttm_squeeze	C:\trading-copilote\01-pipeline\bundles\stockcharts\ttm_squeeze.md	4731	4750	Extraction_StockCharts_TtmSqueeze_v1.md
215	stockcharts	ulcer_index	C:\trading-copilote\01-pipeline\bundles\stockcharts\ulcer_index.md	4751	4770	Extraction_StockCharts_UlcerIndex_v1.md
216	stockcharts	ultimate_oscillator	C:\trading-copilote\01-pipeline\bundles\stockcharts\ultimate_oscillator.md	4771	4790	Extraction_StockCharts_UltimateOscillator_v1.md
217	stockcharts	us_treasury_yields	C:\trading-copilote\01-pipeline\bundles\stockcharts\us_treasury_yields.md	4791	4810	Extraction_StockCharts_UsTreasuryYields_v1.md
218	stockcharts	using_the_5_8_13_ema_crossover_for_short_term_trades	C:\trading-copilote\01-pipeline\bundles\stockcharts\using_the_5_8_13_ema_crossover_for_short_term_trades.md	4811	4830	Extraction_StockCharts_UsingThe5813EmaCrossoverForShortTermTrades_v1.md
219	stockcharts	vortex_indicator	C:\trading-copilote\01-pipeline\bundles\stockcharts\vortex_indicator.md	4831	4850	Extraction_StockCharts_VortexIndicator_v1.md
220	stockcharts	what_are_charts	C:\trading-copilote\01-pipeline\bundles\stockcharts\what_are_charts.md	4851	4870	Extraction_StockCharts_WhatAreCharts_v1.md
221	stockcharts	why_and_how_to_use_correlation	C:\trading-copilote\01-pipeline\bundles\stockcharts\why_and_how_to_use_correlation.md	4871	4890	Extraction_StockCharts_WhyAndHowToUseCorrelation_v1.md
222	stockcharts	williams_r	C:\trading-copilote\01-pipeline\bundles\stockcharts\williams_r.md	4891	4910	Extraction_StockCharts_WilliamsR_v1.md
223	stockcharts	wyckoff_analysis_articles	C:\trading-copilote\01-pipeline\bundles\stockcharts\wyckoff_analysis_articles.md	4911	4930	Extraction_StockCharts_WyckoffAnalysisArticles_v1.md
224	stockcharts	wyckoff_market_analysis	C:\trading-copilote\01-pipeline\bundles\stockcharts\wyckoff_market_analysis.md	4931	4950	Extraction_StockCharts_WyckoffMarketAnalysis_v1.md
225	stockcharts	wyckoff_stock_analysis	C:\trading-copilote\01-pipeline\bundles\stockcharts\wyckoff_stock_analysis.md	4951	4970	Extraction_StockCharts_WyckoffStockAnalysis_v1.md
226	stockcharts	yield_curve	C:\trading-copilote\01-pipeline\bundles\stockcharts\yield_curve.md	4971	4990	Extraction_StockCharts_YieldCurve_v1.md
227	stockcharts	zigzag	C:\trading-copilote\01-pipeline\bundles\stockcharts\zigzag.md	4991	5010	Extraction_StockCharts_Zigzag_v1.md
228	adamgrimes	200_day_moving_average_work	C:\trading-copilote\01-pipeline\bundles\adamgrimes\200_day_moving_average_work.md	5011	5030	Extraction_AdamGrimes_200DayMovingAverageWork_v1.md
229	adamgrimes	a_new_look_at_measuring_trend_days	C:\trading-copilote\01-pipeline\bundles\adamgrimes\a_new_look_at_measuring_trend_days.md	5031	5050	Extraction_AdamGrimes_ANewLookAtMeasuringTrendDays_v1.md
230	adamgrimes	a_new_tool_to_measure_trend_strength_the_grimes_efficiency_r	C:\trading-copilote\01-pipeline\bundles\adamgrimes\a_new_tool_to_measure_trend_strength_the_grimes_efficiency_r.md	5051	5070	Extraction_AdamGrimes_ANewToolToMeasureTrendStrengthTheGrimesEfficienc_v1.md
231	adamgrimes	a_roadmap_for_the_trading_day	C:\trading-copilote\01-pipeline\bundles\adamgrimes\a_roadmap_for_the_trading_day.md	5071	5090	Extraction_AdamGrimes_ARoadmapForTheTradingDay_v1.md
232	adamgrimes	adding_to_positions_a_simple_rule	C:\trading-copilote\01-pipeline\bundles\adamgrimes\adding_to_positions_a_simple_rule.md	5091	5110	Extraction_AdamGrimes_AddingToPositionsASimpleRule_v1.md
233	adamgrimes	an_easy_way_to_avoid_some_losses	C:\trading-copilote\01-pipeline\bundles\adamgrimes\an_easy_way_to_avoid_some_losses.md	5111	5130	Extraction_AdamGrimes_AnEasyWayToAvoidSomeLosses_v1.md
234	adamgrimes	anatomy_of_a_trade_nested_pullback_in_anr	C:\trading-copilote\01-pipeline\bundles\adamgrimes\anatomy_of_a_trade_nested_pullback_in_anr.md	5131	5150	Extraction_AdamGrimes_AnatomyOfATradeNestedPullbackInAnr_v1.md
235	adamgrimes	are_you_losing_position_size_matters	C:\trading-copilote\01-pipeline\bundles\adamgrimes\are_you_losing_position_size_matters.md	5151	5170	Extraction_AdamGrimes_AreYouLosingPositionSizeMatters_v1.md
236	adamgrimes	bad_statistics_lead_bad_decisions	C:\trading-copilote\01-pipeline\bundles\adamgrimes\bad_statistics_lead_bad_decisions.md	5171	5190	Extraction_AdamGrimes_BadStatisticsLeadBadDecisions_v1.md
237	adamgrimes	basic_backtesting_in_excel_conditions_logic_and_stats	C:\trading-copilote\01-pipeline\bundles\adamgrimes\basic_backtesting_in_excel_conditions_logic_and_stats.md	5191	5210	Extraction_AdamGrimes_BasicBacktestingInExcelConditionsLogicAndStats_v1.md
238	adamgrimes	basic_backtesting_in_excel_getting_data	C:\trading-copilote\01-pipeline\bundles\adamgrimes\basic_backtesting_in_excel_getting_data.md	5211	5230	Extraction_AdamGrimes_BasicBacktestingInExcelGettingData_v1.md
239	adamgrimes	basic_backtesting_in_excel_graphs_and_first_calculations	C:\trading-copilote\01-pipeline\bundles\adamgrimes\basic_backtesting_in_excel_graphs_and_first_calculations.md	5231	5250	Extraction_AdamGrimes_BasicBacktestingInExcelGraphsAndFirstCalculation_v1.md
240	adamgrimes	basic_backtesting_in_excel_how_to_keep_learning	C:\trading-copilote\01-pipeline\bundles\adamgrimes\basic_backtesting_in_excel_how_to_keep_learning.md	5251	5270	Extraction_AdamGrimes_BasicBacktestingInExcelHowToKeepLearning_v1.md
241	adamgrimes	basic_backtesting_in_excel_introduction	C:\trading-copilote\01-pipeline\bundles\adamgrimes\basic_backtesting_in_excel_introduction.md	5271	5290	Extraction_AdamGrimes_BasicBacktestingInExcelIntroduction_v1.md
242	adamgrimes	basic_backtesting_in_excel_issues_with_data	C:\trading-copilote\01-pipeline\bundles\adamgrimes\basic_backtesting_in_excel_issues_with_data.md	5291	5310	Extraction_AdamGrimes_BasicBacktestingInExcelIssuesWithData_v1.md
243	adamgrimes	basic_backtesting_in_excel_more_data	C:\trading-copilote\01-pipeline\bundles\adamgrimes\basic_backtesting_in_excel_more_data.md	5311	5330	Extraction_AdamGrimes_BasicBacktestingInExcelMoreData_v1.md
244	adamgrimes	basic_backtesting_in_excel_statistical_tests	C:\trading-copilote\01-pipeline\bundles\adamgrimes\basic_backtesting_in_excel_statistical_tests.md	5331	5350	Extraction_AdamGrimes_BasicBacktestingInExcelStatisticalTests_v1.md
245	adamgrimes	big_problem_seasonality	C:\trading-copilote\01-pipeline\bundles\adamgrimes\big_problem_seasonality.md	5351	5370	Extraction_AdamGrimes_BigProblemSeasonality_v1.md
246	adamgrimes	breakouts_and_breakout_failures_real_world_trading	C:\trading-copilote\01-pipeline\bundles\adamgrimes\breakouts_and_breakout_failures_real_world_trading.md	5371	5390	Extraction_AdamGrimes_BreakoutsAndBreakoutFailuresRealWorldTrading_v1.md
247	adamgrimes	careful_with_correlations	C:\trading-copilote\01-pipeline\bundles\adamgrimes\careful_with_correlations.md	5391	5410	Extraction_AdamGrimes_CarefulWithCorrelations_v1.md
248	adamgrimes	catching_the_wave_ideas_for_finding_trend_days	C:\trading-copilote\01-pipeline\bundles\adamgrimes\catching_the_wave_ideas_for_finding_trend_days.md	5411	5430	Extraction_AdamGrimes_CatchingTheWaveIdeasForFindingTrendDays_v1.md
249	adamgrimes	chart_day_failure_test_short_entry_facebook	C:\trading-copilote\01-pipeline\bundles\adamgrimes\chart_day_failure_test_short_entry_facebook.md	5431	5450	Extraction_AdamGrimes_ChartDayFailureTestShortEntryFacebook_v1.md
250	adamgrimes	chart_of_the_day_failure_test_in_aapl	C:\trading-copilote\01-pipeline\bundles\adamgrimes\chart_of_the_day_failure_test_in_aapl.md	5451	5470	Extraction_AdamGrimes_ChartOfTheDayFailureTestInAapl_v1.md
251	adamgrimes	chart_of_the_day_failure_test_in_aapl_2	C:\trading-copilote\01-pipeline\bundles\adamgrimes\chart_of_the_day_failure_test_in_aapl_2.md	5471	5490	Extraction_AdamGrimes_ChartOfTheDayFailureTestInAapl2_v1.md
252	adamgrimes	chart_of_the_day_managing_the_failure_test_in_aapl	C:\trading-copilote\01-pipeline\bundles\adamgrimes\chart_of_the_day_managing_the_failure_test_in_aapl.md	5491	5510	Extraction_AdamGrimes_ChartOfTheDayManagingTheFailureTestInAapl_v1.md
253	adamgrimes	chart_of_the_day_nested_pullback_in_crude_oil	C:\trading-copilote\01-pipeline\bundles\adamgrimes\chart_of_the_day_nested_pullback_in_crude_oil.md	5511	5530	Extraction_AdamGrimes_ChartOfTheDayNestedPullbackInCrudeOil_v1.md
254	adamgrimes	chart_of_the_day_potential_failure_test_in_beans	C:\trading-copilote\01-pipeline\bundles\adamgrimes\chart_of_the_day_potential_failure_test_in_beans.md	5531	5550	Extraction_AdamGrimes_ChartOfTheDayPotentialFailureTestInBeans_v1.md
255	adamgrimes	chartschool_trading_the_anti	C:\trading-copilote\01-pipeline\bundles\adamgrimes\chartschool_trading_the_anti.md	5551	5570	Extraction_AdamGrimes_ChartschoolTradingTheAnti_v1.md
256	adamgrimes	choosing_best_pullbacks	C:\trading-copilote\01-pipeline\bundles\adamgrimes\choosing_best_pullbacks.md	5571	5590	Extraction_AdamGrimes_ChoosingBestPullbacks_v1.md
257	adamgrimes	come_and_study_support_and_resistance_trades_with_us_this_we	C:\trading-copilote\01-pipeline\bundles\adamgrimes\come_and_study_support_and_resistance_trades_with_us_this_we.md	5591	5610	Extraction_AdamGrimes_ComeAndStudySupportAndResistanceTradesWithUsThis_v1.md
258	adamgrimes	common_sense_checks_quantitative_data	C:\trading-copilote\01-pipeline\bundles\adamgrimes\common_sense_checks_quantitative_data.md	5611	5630	Extraction_AdamGrimes_CommonSenseChecksQuantitativeData_v1.md
259	adamgrimes	correlated_risk_or_opportunity	C:\trading-copilote\01-pipeline\bundles\adamgrimes\correlated_risk_or_opportunity.md	5631	5650	Extraction_AdamGrimes_CorrelatedRiskOrOpportunity_v1.md
260	adamgrimes	cutting_losses_quickly_properly	C:\trading-copilote\01-pipeline\bundles\adamgrimes\cutting_losses_quickly_properly.md	5651	5670	Extraction_AdamGrimes_CuttingLossesQuicklyProperly_v1.md
261	adamgrimes	death_cross_omen_noise	C:\trading-copilote\01-pipeline\bundles\adamgrimes\death_cross_omen_noise.md	5671	5690	Extraction_AdamGrimes_DeathCrossOmenNoise_v1.md
262	adamgrimes	defend_bad_statistics	C:\trading-copilote\01-pipeline\bundles\adamgrimes\defend_bad_statistics.md	5691	5710	Extraction_AdamGrimes_DefendBadStatistics_v1.md
263	adamgrimes	draw_trend_lines	C:\trading-copilote\01-pipeline\bundles\adamgrimes\draw_trend_lines.md	5711	5730	Extraction_AdamGrimes_DrawTrendLines_v1.md
264	adamgrimes	failure_test_2	C:\trading-copilote\01-pipeline\bundles\adamgrimes\failure_test_2.md	5731	5750	Extraction_AdamGrimes_FailureTest2_v1.md
265	adamgrimes	failure_test_followthrough_in_the_eur	C:\trading-copilote\01-pipeline\bundles\adamgrimes\failure_test_followthrough_in_the_eur.md	5751	5770	Extraction_AdamGrimes_FailureTestFollowthroughInTheEur_v1.md
266	adamgrimes	fibonacci_conclusions_22	C:\trading-copilote\01-pipeline\bundles\adamgrimes\fibonacci_conclusions_22.md	5771	5790	Extraction_AdamGrimes_FibonacciConclusions22_v1.md
267	adamgrimes	fibonacci_thinking_deeper	C:\trading-copilote\01-pipeline\bundles\adamgrimes\fibonacci_thinking_deeper.md	5791	5810	Extraction_AdamGrimes_FibonacciThinkingDeeper_v1.md
268	adamgrimes	finding_trend_days_in_index_futures	C:\trading-copilote\01-pipeline\bundles\adamgrimes\finding_trend_days_in_index_futures.md	5811	5830	Extraction_AdamGrimes_FindingTrendDaysInIndexFutures_v1.md
269	adamgrimes	first_principles_of_technical_analysis_1	C:\trading-copilote\01-pipeline\bundles\adamgrimes\first_principles_of_technical_analysis_1.md	5831	5850	Extraction_AdamGrimes_FirstPrinciplesOfTechnicalAnalysis1_v1.md
270	adamgrimes	first_principles_of_technical_analysis_2	C:\trading-copilote\01-pipeline\bundles\adamgrimes\first_principles_of_technical_analysis_2.md	5851	5870	Extraction_AdamGrimes_FirstPrinciplesOfTechnicalAnalysis2_v1.md
271	adamgrimes	first_principles_of_technical_analysis_3	C:\trading-copilote\01-pipeline\bundles\adamgrimes\first_principles_of_technical_analysis_3.md	5871	5890	Extraction_AdamGrimes_FirstPrinciplesOfTechnicalAnalysis3_v1.md
272	adamgrimes	forecasting_volatility	C:\trading-copilote\01-pipeline\bundles\adamgrimes\forecasting_volatility.md	5891	5910	Extraction_AdamGrimes_ForecastingVolatility_v1.md
273	adamgrimes	four_reasons_trade_spreads	C:\trading-copilote\01-pipeline\bundles\adamgrimes\four_reasons_trade_spreads.md	5911	5930	Extraction_AdamGrimes_FourReasonsTradeSpreads_v1.md
274	adamgrimes	free_bars_little_patterns_after_big_moves	C:\trading-copilote\01-pipeline\bundles\adamgrimes\free_bars_little_patterns_after_big_moves.md	5931	5950	Extraction_AdamGrimes_FreeBarsLittlePatternsAfterBigMoves_v1.md
275	adamgrimes	from_noise_to_signal_building_the_rvol_relative_volume_measu	C:\trading-copilote\01-pipeline\bundles\adamgrimes\from_noise_to_signal_building_the_rvol_relative_volume_measu.md	5951	5970	Extraction_AdamGrimes_FromNoiseToSignalBuildingTheRvolRelativeVolumeMe_v1.md
276	adamgrimes	gap_and_go_or_gap_and_crap	C:\trading-copilote\01-pipeline\bundles\adamgrimes\gap_and_go_or_gap_and_crap.md	5971	5990	Extraction_AdamGrimes_GapAndGoOrGapAndCrap_v1.md
277	adamgrimes	how_do_you_calculate_volatility_in_excel	C:\trading-copilote\01-pipeline\bundles\adamgrimes\how_do_you_calculate_volatility_in_excel.md	5991	6010	Extraction_AdamGrimes_HowDoYouCalculateVolatilityInExcel_v1.md
278	adamgrimes	how_do_you_know_if_you_have_a_trading_edge	C:\trading-copilote\01-pipeline\bundles\adamgrimes\how_do_you_know_if_you_have_a_trading_edge.md	6011	6030	Extraction_AdamGrimes_HowDoYouKnowIfYouHaveATradingEdge_v1.md
279	adamgrimes	how_to_calculate_futures_rolls	C:\trading-copilote\01-pipeline\bundles\adamgrimes\how_to_calculate_futures_rolls.md	6031	6050	Extraction_AdamGrimes_HowToCalculateFuturesRolls_v1.md
280	adamgrimes	how_to_calculate_sigmaspikes	C:\trading-copilote\01-pipeline\bundles\adamgrimes\how_to_calculate_sigmaspikes.md	6051	6070	Extraction_AdamGrimes_HowToCalculateSigmaspikes_v1.md
281	adamgrimes	how_to_learn_about_indicators	C:\trading-copilote\01-pipeline\bundles\adamgrimes\how_to_learn_about_indicators.md	6071	6090	Extraction_AdamGrimes_HowToLearnAboutIndicators_v1.md
282	adamgrimes	how_to_trade_support_and_resistance_levels	C:\trading-copilote\01-pipeline\bundles\adamgrimes\how_to_trade_support_and_resistance_levels.md	6091	6110	Extraction_AdamGrimes_HowToTradeSupportAndResistanceLevels_v1.md
283	adamgrimes	important_question_riskreward	C:\trading-copilote\01-pipeline\bundles\adamgrimes\important_question_riskreward.md	6111	6130	Extraction_AdamGrimes_ImportantQuestionRiskreward_v1.md
284	adamgrimes	intraday_tendencies_sp_futures	C:\trading-copilote\01-pipeline\bundles\adamgrimes\intraday_tendencies_sp_futures.md	6131	6150	Extraction_AdamGrimes_IntradayTendenciesSpFutures_v1.md
285	adamgrimes	is_santa_real_monthly_seasonality_in_the_djia	C:\trading-copilote\01-pipeline\bundles\adamgrimes\is_santa_real_monthly_seasonality_in_the_djia.md	6151	6170	Extraction_AdamGrimes_IsSantaRealMonthlySeasonalityInTheDjia_v1.md
286	adamgrimes	know_your_risk	C:\trading-copilote\01-pipeline\bundles\adamgrimes\know_your_risk.md	6171	6190	Extraction_AdamGrimes_KnowYourRisk_v1.md
287	adamgrimes	knowing_the_future_with_market_stats	C:\trading-copilote\01-pipeline\bundles\adamgrimes\knowing_the_future_with_market_stats.md	6191	6210	Extraction_AdamGrimes_KnowingTheFutureWithMarketStats_v1.md
288	adamgrimes	lessons_on_risk_short_volatility	C:\trading-copilote\01-pipeline\bundles\adamgrimes\lessons_on_risk_short_volatility.md	6211	6230	Extraction_AdamGrimes_LessonsOnRiskShortVolatility_v1.md
289	adamgrimes	lets_talk_turkey_thanksgiving_seasonality_in_stocks	C:\trading-copilote\01-pipeline\bundles\adamgrimes\lets_talk_turkey_thanksgiving_seasonality_in_stocks.md	6231	6250	Extraction_AdamGrimes_LetsTalkTurkeyThanksgivingSeasonalityInStocks_v1.md
290	adamgrimes	managing_gap_openings	C:\trading-copilote\01-pipeline\bundles\adamgrimes\managing_gap_openings.md	6251	6270	Extraction_AdamGrimes_ManagingGapOpenings_v1.md
291	adamgrimes	market_stats	C:\trading-copilote\01-pipeline\bundles\adamgrimes\market_stats.md	6271	6290	Extraction_AdamGrimes_MarketStats_v1.md
292	adamgrimes	market_stress_index_introducing_the_msi	C:\trading-copilote\01-pipeline\bundles\adamgrimes\market_stress_index_introducing_the_msi.md	6291	6310	Extraction_AdamGrimes_MarketStressIndexIntroducingTheMsi_v1.md
293	adamgrimes	moving_averages_digging_deeper	C:\trading-copilote\01-pipeline\bundles\adamgrimes\moving_averages_digging_deeper.md	6311	6330	Extraction_AdamGrimes_MovingAveragesDiggingDeeper_v1.md
294	adamgrimes	nested_pullback	C:\trading-copilote\01-pipeline\bundles\adamgrimes\nested_pullback.md	6331	6350	Extraction_AdamGrimes_NestedPullback_v1.md
295	adamgrimes	nr7_an_old_friend	C:\trading-copilote\01-pipeline\bundles\adamgrimes\nr7_an_old_friend.md	6351	6370	Extraction_AdamGrimes_Nr7AnOldFriend_v1.md
296	adamgrimes	putting_momentum_work	C:\trading-copilote\01-pipeline\bundles\adamgrimes\putting_momentum_work.md	6371	6390	Extraction_AdamGrimes_PuttingMomentumWork_v1.md
297	adamgrimes	quant_101	C:\trading-copilote\01-pipeline\bundles\adamgrimes\quant_101.md	6391	6410	Extraction_AdamGrimes_Quant101_v1.md
298	adamgrimes	ranges_and_measured_moves	C:\trading-copilote\01-pipeline\bundles\adamgrimes\ranges_and_measured_moves.md	6411	6430	Extraction_AdamGrimes_RangesAndMeasuredMoves_v1.md
299	adamgrimes	reader_question_gaps_and_context	C:\trading-copilote\01-pipeline\bundles\adamgrimes\reader_question_gaps_and_context.md	6431	6450	Extraction_AdamGrimes_ReaderQuestionGapsAndContext_v1.md
300	adamgrimes	reader_question_how_do_i_measure_liquidity	C:\trading-copilote\01-pipeline\bundles\adamgrimes\reader_question_how_do_i_measure_liquidity.md	6451	6470	Extraction_AdamGrimes_ReaderQuestionHowDoIMeasureLiquidity_v1.md
301	adamgrimes	reader_question_how_to_backtest	C:\trading-copilote\01-pipeline\bundles\adamgrimes\reader_question_how_to_backtest.md	6471	6490	Extraction_AdamGrimes_ReaderQuestionHowToBacktest_v1.md
302	adamgrimes	reader_question_is_vwap_useful	C:\trading-copilote\01-pipeline\bundles\adamgrimes\reader_question_is_vwap_useful.md	6491	6510	Extraction_AdamGrimes_ReaderQuestionIsVwapUseful_v1.md
303	adamgrimes	reader_question_volume	C:\trading-copilote\01-pipeline\bundles\adamgrimes\reader_question_volume.md	6511	6530	Extraction_AdamGrimes_ReaderQuestionVolume_v1.md
304	adamgrimes	reader_question_what_is_momentum	C:\trading-copilote\01-pipeline\bundles\adamgrimes\reader_question_what_is_momentum.md	6531	6550	Extraction_AdamGrimes_ReaderQuestionWhatIsMomentum_v1.md
305	adamgrimes	revisiting_streaks	C:\trading-copilote\01-pipeline\bundles\adamgrimes\revisiting_streaks.md	6551	6570	Extraction_AdamGrimes_RevisitingStreaks_v1.md
306	adamgrimes	seasonality_ask_right_question	C:\trading-copilote\01-pipeline\bundles\adamgrimes\seasonality_ask_right_question.md	6571	6590	Extraction_AdamGrimes_SeasonalityAskRightQuestion_v1.md
307	adamgrimes	showing_relative_performance_simple_price_charts	C:\trading-copilote\01-pipeline\bundles\adamgrimes\showing_relative_performance_simple_price_charts.md	6591	6610	Extraction_AdamGrimes_ShowingRelativePerformanceSimplePriceCharts_v1.md
308	adamgrimes	six_keys_to_effective_risk_management	C:\trading-copilote\01-pipeline\bundles\adamgrimes\six_keys_to_effective_risk_management.md	6611	6630	Extraction_AdamGrimes_SixKeysToEffectiveRiskManagement_v1.md
309	adamgrimes	slide_along_the_bands_a_trend_pattern_you_should_know	C:\trading-copilote\01-pipeline\bundles\adamgrimes\slide_along_the_bands_a_trend_pattern_you_should_know.md	6631	6650	Extraction_AdamGrimes_SlideAlongTheBandsATrendPatternYouShouldKnow_v1.md
310	adamgrimes	slip_and_slide_along_the_bands	C:\trading-copilote\01-pipeline\bundles\adamgrimes\slip_and_slide_along_the_bands.md	6651	6670	Extraction_AdamGrimes_SlipAndSlideAlongTheBands_v1.md
311	adamgrimes	slippage_yes_please	C:\trading-copilote\01-pipeline\bundles\adamgrimes\slippage_yes_please.md	6671	6690	Extraction_AdamGrimes_SlippageYesPlease_v1.md
312	adamgrimes	sp_500_futures_activity_by_time_of_day	C:\trading-copilote\01-pipeline\bundles\adamgrimes\sp_500_futures_activity_by_time_of_day.md	6691	6710	Extraction_AdamGrimes_Sp500FuturesActivityByTimeOfDay_v1.md
313	adamgrimes	spikes_in_the_vix	C:\trading-copilote\01-pipeline\bundles\adamgrimes\spikes_in_the_vix.md	6711	6730	Extraction_AdamGrimes_SpikesInTheVix_v1.md
314	adamgrimes	support_and_resistance_right_now	C:\trading-copilote\01-pipeline\bundles\adamgrimes\support_and_resistance_right_now.md	6731	6750	Extraction_AdamGrimes_SupportAndResistanceRightNow_v1.md
315	adamgrimes	surfing_the_market_waves_the_nested_pullback	C:\trading-copilote\01-pipeline\bundles\adamgrimes\surfing_the_market_waves_the_nested_pullback.md	6751	6770	Extraction_AdamGrimes_SurfingTheMarketWavesTheNestedPullback_v1.md
316	adamgrimes	technical_analysis_thinking_in_categories	C:\trading-copilote\01-pipeline\bundles\adamgrimes\technical_analysis_thinking_in_categories.md	6771	6790	Extraction_AdamGrimes_TechnicalAnalysisThinkingInCategories_v1.md
317	adamgrimes	technicals_everyone_overbought_oversold	C:\trading-copilote\01-pipeline\bundles\adamgrimes\technicals_everyone_overbought_oversold.md	6791	6810	Extraction_AdamGrimes_TechnicalsEveryoneOverboughtOversold_v1.md
318	adamgrimes	testing_fibonaccis_12	C:\trading-copilote\01-pipeline\bundles\adamgrimes\testing_fibonaccis_12.md	6811	6830	Extraction_AdamGrimes_TestingFibonaccis12_v1.md
319	adamgrimes	the_anti_a_trading_lesson_from_roku	C:\trading-copilote\01-pipeline\bundles\adamgrimes\the_anti_a_trading_lesson_from_roku.md	6831	6850	Extraction_AdamGrimes_TheAntiATradingLessonFromRoku_v1.md
320	adamgrimes	the_importance_of_reading_inside_the_bars	C:\trading-copilote\01-pipeline\bundles\adamgrimes\the_importance_of_reading_inside_the_bars.md	6851	6870	Extraction_AdamGrimes_TheImportanceOfReadingInsideTheBars_v1.md
321	adamgrimes	the_law_of_small_numbers_a_mistake_youre_probably_making	C:\trading-copilote\01-pipeline\bundles\adamgrimes\the_law_of_small_numbers_a_mistake_youre_probably_making.md	6871	6890	Extraction_AdamGrimes_TheLawOfSmallNumbersAMistakeYoureProbablyMaking_v1.md
322	adamgrimes	the_power_of_an_inside_bar	C:\trading-copilote\01-pipeline\bundles\adamgrimes\the_power_of_an_inside_bar.md	6891	6910	Extraction_AdamGrimes_ThePowerOfAnInsideBar_v1.md
323	adamgrimes	the_trend_is_your_friend_except_at_the_end	C:\trading-copilote\01-pipeline\bundles\adamgrimes\the_trend_is_your_friend_except_at_the_end.md	6911	6930	Extraction_AdamGrimes_TheTrendIsYourFriendExceptAtTheEnd_v1.md
324	adamgrimes	the_two_forces	C:\trading-copilote\01-pipeline\bundles\adamgrimes\the_two_forces.md	6931	6950	Extraction_AdamGrimes_TheTwoForces_v1.md
325	adamgrimes	the_volatility_game	C:\trading-copilote\01-pipeline\bundles\adamgrimes\the_volatility_game.md	6951	6970	Extraction_AdamGrimes_TheVolatilityGame_v1.md
326	adamgrimes	this_is_how_breakouts_work_lessons_from_the_sp_500	C:\trading-copilote\01-pipeline\bundles\adamgrimes\this_is_how_breakouts_work_lessons_from_the_sp_500.md	6971	6990	Extraction_AdamGrimes_ThisIsHowBreakoutsWorkLessonsFromTheSp500_v1.md
327	adamgrimes	this_is_what_manipulation_looks_like	C:\trading-copilote\01-pipeline\bundles\adamgrimes\this_is_what_manipulation_looks_like.md	6991	7010	Extraction_AdamGrimes_ThisIsWhatManipulationLooksLike_v1.md
328	adamgrimes	tis_the_season_or_is_it_a_deeper_look_at_seasonality_in_stoc	C:\trading-copilote\01-pipeline\bundles\adamgrimes\tis_the_season_or_is_it_a_deeper_look_at_seasonality_in_stoc.md	7011	7030	Extraction_AdamGrimes_TisTheSeasonOrIsItADeeperLookAtSeasonalityInStoc_v1.md
329	adamgrimes	toward_a_simple_model_of_price_behavior	C:\trading-copilote\01-pipeline\bundles\adamgrimes\toward_a_simple_model_of_price_behavior.md	7031	7050	Extraction_AdamGrimes_TowardASimpleModelOfPriceBehavior_v1.md
330	adamgrimes	trade_complex_consolidations	C:\trading-copilote\01-pipeline\bundles\adamgrimes\trade_complex_consolidations.md	7051	7070	Extraction_AdamGrimes_TradeComplexConsolidations_v1.md
331	adamgrimes	trade_exits	C:\trading-copilote\01-pipeline\bundles\adamgrimes\trade_exits.md	7071	7090	Extraction_AdamGrimes_TradeExits_v1.md
332	adamgrimes	trade_pullbacks	C:\trading-copilote\01-pipeline\bundles\adamgrimes\trade_pullbacks.md	7091	7110	Extraction_AdamGrimes_TradePullbacks_v1.md
333	adamgrimes	trading_edge_is_you	C:\trading-copilote\01-pipeline\bundles\adamgrimes\trading_edge_is_you.md	7111	7130	Extraction_AdamGrimes_TradingEdgeIsYou_v1.md
334	adamgrimes	trailing_stops_9_ideas_you_can_use_today	C:\trading-copilote\01-pipeline\bundles\adamgrimes\trailing_stops_9_ideas_you_can_use_today.md	7131	7150	Extraction_AdamGrimes_TrailingStops9IdeasYouCanUseToday_v1.md
335	adamgrimes	trend_following_futures	C:\trading-copilote\01-pipeline\bundles\adamgrimes\trend_following_futures.md	7151	7170	Extraction_AdamGrimes_TrendFollowingFutures_v1.md
336	adamgrimes	trend_indicator_helping_hurting	C:\trading-copilote\01-pipeline\bundles\adamgrimes\trend_indicator_helping_hurting.md	7171	7190	Extraction_AdamGrimes_TrendIndicatorHelpingHurting_v1.md
337	adamgrimes	trend_indicator_video_blog	C:\trading-copilote\01-pipeline\bundles\adamgrimes\trend_indicator_video_blog.md	7191	7210	Extraction_AdamGrimes_TrendIndicatorVideoBlog_v1.md
338	adamgrimes	trendlines_101	C:\trading-copilote\01-pipeline\bundles\adamgrimes\trendlines_101.md	7211	7230	Extraction_AdamGrimes_Trendlines101_v1.md
339	adamgrimes	two_modes_of_market_behavior_12	C:\trading-copilote\01-pipeline\bundles\adamgrimes\two_modes_of_market_behavior_12.md	7231	7250	Extraction_AdamGrimes_TwoModesOfMarketBehavior12_v1.md
340	adamgrimes	understanding_returns	C:\trading-copilote\01-pipeline\bundles\adamgrimes\understanding_returns.md	7251	7270	Extraction_AdamGrimes_UnderstandingReturns_v1.md
341	adamgrimes	using_highs_and_lows	C:\trading-copilote\01-pipeline\bundles\adamgrimes\using_highs_and_lows.md	7271	7290	Extraction_AdamGrimes_UsingHighsAndLows_v1.md
342	adamgrimes	using_spread_charts	C:\trading-copilote\01-pipeline\bundles\adamgrimes\using_spread_charts.md	7291	7310	Extraction_AdamGrimes_UsingSpreadCharts_v1.md
343	adamgrimes	using_statistics_to_map_the_trading_day	C:\trading-copilote\01-pipeline\bundles\adamgrimes\using_statistics_to_map_the_trading_day.md	7311	7330	Extraction_AdamGrimes_UsingStatisticsToMapTheTradingDay_v1.md
344	adamgrimes	video_blog_using_the_daily_market_stats	C:\trading-copilote\01-pipeline\bundles\adamgrimes\video_blog_using_the_daily_market_stats.md	7331	7350	Extraction_AdamGrimes_VideoBlogUsingTheDailyMarketStats_v1.md
345	adamgrimes	volatility_clustering	C:\trading-copilote\01-pipeline\bundles\adamgrimes\volatility_clustering.md	7351	7370	Extraction_AdamGrimes_VolatilityClustering_v1.md
346	adamgrimes	volatility_compression	C:\trading-copilote\01-pipeline\bundles\adamgrimes\volatility_compression.md	7371	7390	Extraction_AdamGrimes_VolatilityCompression_v1.md
347	adamgrimes	volatility_compression_2	C:\trading-copilote\01-pipeline\bundles\adamgrimes\volatility_compression_2.md	7391	7410	Extraction_AdamGrimes_VolatilityCompression2_v1.md
348	adamgrimes	what_are_the_odds_what_market_stats_can_and_cant_tell_us	C:\trading-copilote\01-pipeline\bundles\adamgrimes\what_are_the_odds_what_market_stats_can_and_cant_tell_us.md	7411	7430	Extraction_AdamGrimes_WhatAreTheOddsWhatMarketStatsCanAndCantTellUs_v1.md
349	adamgrimes	what_happens_after_big_spikes_in_the_vix	C:\trading-copilote\01-pipeline\bundles\adamgrimes\what_happens_after_big_spikes_in_the_vix.md	7431	7450	Extraction_AdamGrimes_WhatHappensAfterBigSpikesInTheVix_v1.md
350	adamgrimes	what_we_learned_about_price_levels	C:\trading-copilote\01-pipeline\bundles\adamgrimes\what_we_learned_about_price_levels.md	7451	7470	Extraction_AdamGrimes_WhatWeLearnedAboutPriceLevels_v1.md
351	adamgrimes	whats_wrong_fibonacci	C:\trading-copilote\01-pipeline\bundles\adamgrimes\whats_wrong_fibonacci.md	7471	7490	Extraction_AdamGrimes_WhatsWrongFibonacci_v1.md
352	adamgrimes	when_good_setups_go_bad	C:\trading-copilote\01-pipeline\bundles\adamgrimes\when_good_setups_go_bad.md	7491	7510	Extraction_AdamGrimes_WhenGoodSetupsGoBad_v1.md
353	adamgrimes	when_percents_fail	C:\trading-copilote\01-pipeline\bundles\adamgrimes\when_percents_fail.md	7511	7530	Extraction_AdamGrimes_WhenPercentsFail_v1.md
354	adamgrimes	you_get_paid_to_hold_overnight	C:\trading-copilote\01-pipeline\bundles\adamgrimes\you_get_paid_to_hold_overnight.md	7531	7550	Extraction_AdamGrimes_YouGetPaidToHoldOvernight_v1.md
355	ninjatrader	5_key_indicators_for_day_trading_futures	C:\trading-copilote\01-pipeline\bundles\ninjatrader\5_key_indicators_for_day_trading_futures.md	7551	7570	Extraction_NinjaTrader_5KeyIndicatorsForDayTradingFutures_v1.md
356	ninjatrader	analyze_volume_in_futures_markets	C:\trading-copilote\01-pipeline\bundles\ninjatrader\analyze_volume_in_futures_markets.md	7571	7590	Extraction_NinjaTrader_AnalyzeVolumeInFuturesMarkets_v1.md
357	ninjatrader	best_futures_trading_indicators	C:\trading-copilote\01-pipeline\bundles\ninjatrader\best_futures_trading_indicators.md	7591	7610	Extraction_NinjaTrader_BestFuturesTradingIndicators_v1.md
358	ninjatrader	building_a_trading_strategy	C:\trading-copilote\01-pipeline\bundles\ninjatrader\building_a_trading_strategy.md	7611	7630	Extraction_NinjaTrader_BuildingATradingStrategy_v1.md
359	ninjatrader	chart_patterns_trading	C:\trading-copilote\01-pipeline\bundles\ninjatrader\chart_patterns_trading.md	7631	7650	Extraction_NinjaTrader_ChartPatternsTrading_v1.md
360	ninjatrader	common_mistakes_when_using_rsi_indicators_in_futures	C:\trading-copilote\01-pipeline\bundles\ninjatrader\common_mistakes_when_using_rsi_indicators_in_futures.md	7651	7670	Extraction_NinjaTrader_CommonMistakesWhenUsingRsiIndicatorsInFutures_v1.md
361	ninjatrader	footprint_charts_guide	C:\trading-copilote\01-pipeline\bundles\ninjatrader\footprint_charts_guide.md	7671	7690	Extraction_NinjaTrader_FootprintChartsGuide_v1.md
362	ninjatrader	futures_trading_risk_management_margin_leverage_stops_position_sizing	C:\trading-copilote\01-pipeline\bundles\ninjatrader\futures_trading_risk_management_margin_leverage_stops_position_sizing.md	7691	7710	Extraction_NinjaTrader_FuturesTradingRiskManagementMarginLeverageStopsP_v1.md
363	ninjatrader	futures_trading_strategies_ranked_difficulty	C:\trading-copilote\01-pipeline\bundles\ninjatrader\futures_trading_strategies_ranked_difficulty.md	7711	7730	Extraction_NinjaTrader_FuturesTradingStrategiesRankedDifficulty_v1.md
364	ninjatrader	how_to_identify_entry_zones_with_volume_analysis_trading_guide	C:\trading-copilote\01-pipeline\bundles\ninjatrader\how_to_identify_entry_zones_with_volume_analysis_trading_guide.md	7731	7750	Extraction_NinjaTrader_HowToIdentifyEntryZonesWithVolumeAnalysisTrading_v1.md
365	ninjatrader	how_to_identify_intraday_support_and_resistance_levels_in_your_trading	C:\trading-copilote\01-pipeline\bundles\ninjatrader\how_to_identify_intraday_support_and_resistance_levels_in_your_trading.md	7751	7770	Extraction_NinjaTrader_HowToIdentifyIntradaySupportAndResistanceLevelsI_v1.md
366	ninjatrader	how_to_read_a_futures_trading_chart	C:\trading-copilote\01-pipeline\bundles\ninjatrader\how_to_read_a_futures_trading_chart.md	7771	7790	Extraction_NinjaTrader_HowToReadAFuturesTradingChart_v1.md
367	ninjatrader	how_to_trade_liquidity_traps_in_futures	C:\trading-copilote\01-pipeline\bundles\ninjatrader\how_to_trade_liquidity_traps_in_futures.md	7791	7810	Extraction_NinjaTrader_HowToTradeLiquidityTrapsInFutures_v1.md
368	ninjatrader	how_to_trade_with_volume_profile_part_1	C:\trading-copilote\01-pipeline\bundles\ninjatrader\how_to_trade_with_volume_profile_part_1.md	7811	7830	Extraction_NinjaTrader_HowToTradeWithVolumeProfilePart1_v1.md
369	ninjatrader	how_to_use_automated_trade_management_strategies_on_ninjatrader	C:\trading-copilote\01-pipeline\bundles\ninjatrader\how_to_use_automated_trade_management_strategies_on_ninjatrader.md	7831	7850	Extraction_NinjaTrader_HowToUseAutomatedTradeManagementStrategiesOnNinj_v1.md
370	ninjatrader	how_to_use_the_superdom_price_ladder_for_order_entry	C:\trading-copilote\01-pipeline\bundles\ninjatrader\how_to_use_the_superdom_price_ladder_for_order_entry.md	7851	7870	Extraction_NinjaTrader_HowToUseTheSuperdomPriceLadderForOrderEntry_v1.md
371	ninjatrader	identify_chart_patterns_on_futures_trading_charts	C:\trading-copilote\01-pipeline\bundles\ninjatrader\identify_chart_patterns_on_futures_trading_charts.md	7871	7890	Extraction_NinjaTrader_IdentifyChartPatternsOnFuturesTradingCharts_v1.md
372	ninjatrader	identifying_trends_in_futures_markets	C:\trading-copilote\01-pipeline\bundles\ninjatrader\identifying_trends_in_futures_markets.md	7891	7910	Extraction_NinjaTrader_IdentifyingTrendsInFuturesMarkets_v1.md
373	ninjatrader	intro_to_the_ninjatrader_desktop_superdom	C:\trading-copilote\01-pipeline\bundles\ninjatrader\intro_to_the_ninjatrader_desktop_superdom.md	7911	7930	Extraction_NinjaTrader_IntroToTheNinjatraderDesktopSuperdom_v1.md
374	ninjatrader	mastering_risk_management_in_futures_trading	C:\trading-copilote\01-pipeline\bundles\ninjatrader\mastering_risk_management_in_futures_trading.md	7931	7950	Extraction_NinjaTrader_MasteringRiskManagementInFuturesTrading_v1.md
375	ninjatrader	momentum_as_indicator_in_futures_trading	C:\trading-copilote\01-pipeline\bundles\ninjatrader\momentum_as_indicator_in_futures_trading.md	7951	7970	Extraction_NinjaTrader_MomentumAsIndicatorInFuturesTrading_v1.md
376	ninjatrader	ninjascript_best_practices	C:\trading-copilote\01-pipeline\bundles\ninjatrader\ninjascript_best_practices.md	7971	7990	Extraction_NinjaTrader_NinjascriptBestPractices_v1.md
377	ninjatrader	ninjatrader_order_flow	C:\trading-copilote\01-pipeline\bundles\ninjatrader\ninjatrader_order_flow.md	7991	8010	Extraction_NinjaTrader_NinjatraderOrderFlow_v1.md
378	ninjatrader	order_flow_trading_with_volumetric_bars	C:\trading-copilote\01-pipeline\bundles\ninjatrader\order_flow_trading_with_volumetric_bars.md	8011	8030	Extraction_NinjaTrader_OrderFlowTradingWithVolumetricBars_v1.md
379	ninjatrader	price_action_trading_strategies	C:\trading-copilote\01-pipeline\bundles\ninjatrader\price_action_trading_strategies.md	8031	8050	Extraction_NinjaTrader_PriceActionTradingStrategies_v1.md
380	ninjatrader	risk_management	C:\trading-copilote\01-pipeline\bundles\ninjatrader\risk_management.md	8051	8070	Extraction_NinjaTrader_RiskManagement_v1.md
381	ninjatrader	stop_loss_strategies	C:\trading-copilote\01-pipeline\bundles\ninjatrader\stop_loss_strategies.md	8071	8090	Extraction_NinjaTrader_StopLossStrategies_v1.md
382	ninjatrader	supply_demand_zones_futures	C:\trading-copilote\01-pipeline\bundles\ninjatrader\supply_demand_zones_futures.md	8091	8110	Extraction_NinjaTrader_SupplyDemandZonesFutures_v1.md
383	ninjatrader	track_buying_selling_pressure_with_order_flow_cumulative_delta	C:\trading-copilote\01-pipeline\bundles\ninjatrader\track_buying_selling_pressure_with_order_flow_cumulative_delta.md	8111	8130	Extraction_NinjaTrader_TrackBuyingSellingPressureWithOrderFlowCumulativ_v1.md
384	ninjatrader	trade_trend_reversals_futures	C:\trading-copilote\01-pipeline\bundles\ninjatrader\trade_trend_reversals_futures.md	8131	8150	Extraction_NinjaTrader_TradeTrendReversalsFutures_v1.md
385	ninjatrader	use_volatility_as_indicator_in_futures_trading	C:\trading-copilote\01-pipeline\bundles\ninjatrader\use_volatility_as_indicator_in_futures_trading.md	8151	8170	Extraction_NinjaTrader_UseVolatilityAsIndicatorInFuturesTrading_v1.md
386	ninjatrader	use_volume_profile_to_track_order_flow_on_charts	C:\trading-copilote\01-pipeline\bundles\ninjatrader\use_volume_profile_to_track_order_flow_on_charts.md	8171	8190	Extraction_NinjaTrader_UseVolumeProfileToTrackOrderFlowOnCharts_v1.md
387	ninjatrader	volume_analysis_in_futures_trading	C:\trading-copilote\01-pipeline\bundles\ninjatrader\volume_analysis_in_futures_trading.md	8191	8210	Extraction_NinjaTrader_VolumeAnalysisInFuturesTrading_v1.md
388	ninjatrader	volume_spread_analysis_and_fomo_of_strong_directional_moves	C:\trading-copilote\01-pipeline\bundles\ninjatrader\volume_spread_analysis_and_fomo_of_strong_directional_moves.md	8211	8230	Extraction_NinjaTrader_VolumeSpreadAnalysisAndFomoOfStrongDirectionalMo_v1.md
389	ninjatrader	z_score_futures_trading_strategy	C:\trading-copilote\01-pipeline\bundles\ninjatrader\z_score_futures_trading_strategy.md	8231	8250	Extraction_NinjaTrader_ZScoreFuturesTradingStrategy_v1.md
390	optimusfutures	average_true_range_indicator	C:\trading-copilote\01-pipeline\bundles\optimusfutures\average_true_range_indicator.md	8251	8270	Extraction_Optimus_AverageTrueRangeIndicator_v1.md
391	optimusfutures	backtesting_trading_strategies_in_futures_markets	C:\trading-copilote\01-pipeline\bundles\optimusfutures\backtesting_trading_strategies_in_futures_markets.md	8271	8290	Extraction_Optimus_BacktestingTradingStrategiesInFuturesMarkets_v1.md
392	optimusfutures	best_indicators_for_day_trading_futures	C:\trading-copilote\01-pipeline\bundles\optimusfutures\best_indicators_for_day_trading_futures.md	8291	8310	Extraction_Optimus_BestIndicatorsForDayTradingFutures_v1.md
393	optimusfutures	best_order_flow_indicators	C:\trading-copilote\01-pipeline\bundles\optimusfutures\best_order_flow_indicators.md	8311	8330	Extraction_Optimus_BestOrderFlowIndicators_v1.md
394	optimusfutures	best_tradingview_indicators	C:\trading-copilote\01-pipeline\bundles\optimusfutures\best_tradingview_indicators.md	8331	8350	Extraction_Optimus_BestTradingviewIndicators_v1.md
395	optimusfutures	breakout_trading	C:\trading-copilote\01-pipeline\bundles\optimusfutures\breakout_trading.md	8351	8370	Extraction_Optimus_BreakoutTrading_v1.md
396	optimusfutures	day_trading_chart_patterns	C:\trading-copilote\01-pipeline\bundles\optimusfutures\day_trading_chart_patterns.md	8371	8390	Extraction_Optimus_DayTradingChartPatterns_v1.md
397	optimusfutures	day_trading_risk_management	C:\trading-copilote\01-pipeline\bundles\optimusfutures\day_trading_risk_management.md	8391	8410	Extraction_Optimus_DayTradingRiskManagement_v1.md
398	optimusfutures	end_of_day_trading_strategies	C:\trading-copilote\01-pipeline\bundles\optimusfutures\end_of_day_trading_strategies.md	8411	8430	Extraction_Optimus_EndOfDayTradingStrategies_v1.md
399	optimusfutures	futures_trading_scalping_strategy	C:\trading-copilote\01-pipeline\bundles\optimusfutures\futures_trading_scalping_strategy.md	8431	8450	Extraction_Optimus_FuturesTradingScalpingStrategy_v1.md
400	optimusfutures	gap_trading_strategies	C:\trading-copilote\01-pipeline\bundles\optimusfutures\gap_trading_strategies.md	8451	8470	Extraction_Optimus_GapTradingStrategies_v1.md
401	optimusfutures	how_to_backtest_on_tradingview	C:\trading-copilote\01-pipeline\bundles\optimusfutures\how_to_backtest_on_tradingview.md	8471	8490	Extraction_Optimus_HowToBacktestOnTradingview_v1.md
402	optimusfutures	how_to_read_stock_market_futures	C:\trading-copilote\01-pipeline\bundles\optimusfutures\how_to_read_stock_market_futures.md	8491	8510	Extraction_Optimus_HowToReadStockMarketFutures_v1.md
403	optimusfutures	how_to_set_up_your_trading_charts_for_order_flow_trading	C:\trading-copilote\01-pipeline\bundles\optimusfutures\how_to_set_up_your_trading_charts_for_order_flow_trading.md	8511	8530	Extraction_Optimus_HowToSetUpYourTradingChartsForOrderFlowTrading_v1.md
404	optimusfutures	how_to_trade_fair_value_gaps	C:\trading-copilote\01-pipeline\bundles\optimusfutures\how_to_trade_fair_value_gaps.md	8531	8550	Extraction_Optimus_HowToTradeFairValueGaps_v1.md
405	optimusfutures	index_futures_trading	C:\trading-copilote\01-pipeline\bundles\optimusfutures\index_futures_trading.md	8551	8570	Extraction_Optimus_IndexFuturesTrading_v1.md
406	optimusfutures	mean_reversion_trading	C:\trading-copilote\01-pipeline\bundles\optimusfutures\mean_reversion_trading.md	8571	8590	Extraction_Optimus_MeanReversionTrading_v1.md
407	optimusfutures	order_flow_analysis	C:\trading-copilote\01-pipeline\bundles\optimusfutures\order_flow_analysis.md	8591	8610	Extraction_Optimus_OrderFlowAnalysis_v1.md
408	optimusfutures	order_flow_imbalance	C:\trading-copilote\01-pipeline\bundles\optimusfutures\order_flow_imbalance.md	8611	8630	Extraction_Optimus_OrderFlowImbalance_v1.md
409	optimusfutures	order_flow_in_tradingview	C:\trading-copilote\01-pipeline\bundles\optimusfutures\order_flow_in_tradingview.md	8631	8650	Extraction_Optimus_OrderFlowInTradingview_v1.md
410	optimusfutures	order_flow_software	C:\trading-copilote\01-pipeline\bundles\optimusfutures\order_flow_software.md	8651	8670	Extraction_Optimus_OrderFlowSoftware_v1.md
411	optimusfutures	order_flow_trading	C:\trading-copilote\01-pipeline\bundles\optimusfutures\order_flow_trading.md	8671	8690	Extraction_Optimus_OrderFlowTrading_v1.md
412	optimusfutures	stop_loss_orders_in_futures_trading	C:\trading-copilote\01-pipeline\bundles\optimusfutures\stop_loss_orders_in_futures_trading.md	8691	8710	Extraction_Optimus_StopLossOrdersInFuturesTrading_v1.md
413	optimusfutures	support_and_resistance_trading_guide	C:\trading-copilote\01-pipeline\bundles\optimusfutures\support_and_resistance_trading_guide.md	8711	8730	Extraction_Optimus_SupportAndResistanceTradingGuide_v1.md
414	optimusfutures	technical_analysis_with_order_flow	C:\trading-copilote\01-pipeline\bundles\optimusfutures\technical_analysis_with_order_flow.md	8731	8750	Extraction_Optimus_TechnicalAnalysisWithOrderFlow_v1.md
415	optimusfutures	tpo_charts_explained_for_beginners_market_profile_guide	C:\trading-copilote\01-pipeline\bundles\optimusfutures\tpo_charts_explained_for_beginners_market_profile_guide.md	8751	8770	Extraction_Optimus_TpoChartsExplainedForBeginnersMarketProfileGuide_v1.md
416	optimusfutures	tradingview_tick_charts	C:\trading-copilote\01-pipeline\bundles\optimusfutures\tradingview_tick_charts.md	8771	8790	Extraction_Optimus_TradingviewTickCharts_v1.md
417	optimusfutures	vix_futures_guide	C:\trading-copilote\01-pipeline\bundles\optimusfutures\vix_futures_guide.md	8791	8810	Extraction_Optimus_VixFuturesGuide_v1.md
418	optimusfutures	volume_and_open_interest	C:\trading-copilote\01-pipeline\bundles\optimusfutures\volume_and_open_interest.md	8811	8830	Extraction_Optimus_VolumeAndOpenInterest_v1.md
419	optimusfutures	volume_profile_trading	C:\trading-copilote\01-pipeline\bundles\optimusfutures\volume_profile_trading.md	8831	8850	Extraction_Optimus_VolumeProfileTrading_v1.md
420	optimusfutures	what_es_futures_tell_you_before_market_opens	C:\trading-copilote\01-pipeline\bundles\optimusfutures\what_es_futures_tell_you_before_market_opens.md	8851	8870	Extraction_Optimus_WhatEsFuturesTellYouBeforeMarketOpens_v1.md
421	sierrachart	hub_studies_reference	C:\trading-copilote\01-pipeline\bundles\sierrachart\hub_studies_reference.md	8871	8890	Extraction_SierraChart_HubStudiesReference_v1.md
422	sierrachart	sierra_108_vwap_std_dev	C:\trading-copilote\01-pipeline\bundles\sierrachart\sierra_108_vwap_std_dev.md	8891	8910	Extraction_SierraChart_Sierra108VwapStdDev_v1.md
423	sierrachart	sierra_135_bollinger_bandwidth	C:\trading-copilote\01-pipeline\bundles\sierrachart\sierra_135_bollinger_bandwidth.md	8911	8930	Extraction_SierraChart_Sierra135BollingerBandwidth_v1.md
424	sierrachart	sierra_13_adx	C:\trading-copilote\01-pipeline\bundles\sierrachart\sierra_13_adx.md	8931	8950	Extraction_SierraChart_Sierra13Adx_v1.md
425	sierrachart	sierra_14_bollinger_bands	C:\trading-copilote\01-pipeline\bundles\sierrachart\sierra_14_bollinger_bands.md	8951	8970	Extraction_SierraChart_Sierra14BollingerBands_v1.md
426	sierrachart	sierra_158_tpo_value_area_lines	C:\trading-copilote\01-pipeline\bundles\sierrachart\sierra_158_tpo_value_area_lines.md	8971	8990	Extraction_SierraChart_Sierra158TpoValueAreaLines_v1.md
427	sierrachart	sierra_16_adxr	C:\trading-copilote\01-pipeline\bundles\sierrachart\sierra_16_adxr.md	8991	9010	Extraction_SierraChart_Sierra16Adxr_v1.md
428	sierrachart	sierra_180_stochrsi	C:\trading-copilote\01-pipeline\bundles\sierrachart\sierra_180_stochrsi.md	9011	9030	Extraction_SierraChart_Sierra180Stochrsi_v1.md
429	sierrachart	sierra_188_chande_momentum	C:\trading-copilote\01-pipeline\bundles\sierrachart\sierra_188_chande_momentum.md	9031	9050	Extraction_SierraChart_Sierra188ChandeMomentum_v1.md
430	sierrachart	sierra_197_dmi	C:\trading-copilote\01-pipeline\bundles\sierrachart\sierra_197_dmi.md	9051	9070	Extraction_SierraChart_Sierra197Dmi_v1.md
431	sierrachart	sierra_19_atr	C:\trading-copilote\01-pipeline\bundles\sierrachart\sierra_19_atr.md	9071	9090	Extraction_SierraChart_Sierra19Atr_v1.md
432	sierrachart	sierra_209_volume_value_area_lines	C:\trading-copilote\01-pipeline\bundles\sierrachart\sierra_209_volume_value_area_lines.md	9091	9110	Extraction_SierraChart_Sierra209VolumeValueAreaLines_v1.md
433	sierrachart	sierra_221_bollinger_squeeze	C:\trading-copilote\01-pipeline\bundles\sierrachart\sierra_221_bollinger_squeeze.md	9111	9130	Extraction_SierraChart_Sierra221BollingerSqueeze_v1.md
434	sierrachart	sierra_248_volume_weighted_macd	C:\trading-copilote\01-pipeline\bundles\sierrachart\sierra_248_volume_weighted_macd.md	9131	9150	Extraction_SierraChart_Sierra248VolumeWeightedMacd_v1.md
435	sierrachart	sierra_255_rmi	C:\trading-copilote\01-pipeline\bundles\sierrachart\sierra_255_rmi.md	9151	9170	Extraction_SierraChart_Sierra255Rmi_v1.md
436	sierrachart	sierra_296_cumulative_delta_trades	C:\trading-copilote\01-pipeline\bundles\sierrachart\sierra_296_cumulative_delta_trades.md	9171	9190	Extraction_SierraChart_Sierra296CumulativeDeltaTrades_v1.md
437	sierrachart	sierra_323_cumulative_delta_tick	C:\trading-copilote\01-pipeline\bundles\sierrachart\sierra_323_cumulative_delta_tick.md	9191	9210	Extraction_SierraChart_Sierra323CumulativeDeltaTick_v1.md
438	sierrachart	sierra_32_macd	C:\trading-copilote\01-pipeline\bundles\sierrachart\sierra_32_macd.md	9211	9230	Extraction_SierraChart_Sierra32Macd_v1.md
439	sierrachart	sierra_352_vwap_rolling_std_dev	C:\trading-copilote\01-pipeline\bundles\sierrachart\sierra_352_vwap_rolling_std_dev.md	9231	9250	Extraction_SierraChart_Sierra352VwapRollingStdDev_v1.md
440	sierrachart	sierra_35_momentum	C:\trading-copilote\01-pipeline\bundles\sierrachart\sierra_35_momentum.md	9251	9270	Extraction_SierraChart_Sierra35Momentum_v1.md
441	sierrachart	sierra_368_numbers_bars_avg_vol_per_price	C:\trading-copilote\01-pipeline\bundles\sierrachart\sierra_368_numbers_bars_avg_vol_per_price.md	9271	9290	Extraction_SierraChart_Sierra368NumbersBarsAvgVolPerPrice_v1.md
442	sierrachart	sierra_38_rsi	C:\trading-copilote\01-pipeline\bundles\sierrachart\sierra_38_rsi.md	9291	9310	Extraction_SierraChart_Sierra38Rsi_v1.md
443	sierrachart	sierra_408_point_figure_box_count	C:\trading-copilote\01-pipeline\bundles\sierrachart\sierra_408_point_figure_box_count.md	9311	9330	Extraction_SierraChart_Sierra408PointFigureBoxCount_v1.md
444	sierrachart	sierra_428_normalized_atr	C:\trading-copilote\01-pipeline\bundles\sierrachart\sierra_428_normalized_atr.md	9331	9350	Extraction_SierraChart_Sierra428NormalizedAtr_v1.md
445	sierrachart	sierra_435_pmo	C:\trading-copilote\01-pipeline\bundles\sierrachart\sierra_435_pmo.md	9351	9370	Extraction_SierraChart_Sierra435Pmo_v1.md
446	sierrachart	sierra_444_bar_delta_below_bar	C:\trading-copilote\01-pipeline\bundles\sierrachart\sierra_444_bar_delta_below_bar.md	9371	9390	Extraction_SierraChart_Sierra444BarDeltaBelowBar_v1.md
447	sierrachart	sierra_471_volume_va_for_bars	C:\trading-copilote\01-pipeline\bundles\sierrachart\sierra_471_volume_va_for_bars.md	9391	9410	Extraction_SierraChart_Sierra471VolumeVaForBars_v1.md
448	sierrachart	sierra_500_laguerre_rsi	C:\trading-copilote\01-pipeline\bundles\sierrachart\sierra_500_laguerre_rsi.md	9411	9430	Extraction_SierraChart_Sierra500LaguerreRsi_v1.md
449	sierrachart	sierra_504_connors_rsi	C:\trading-copilote\01-pipeline\bundles\sierrachart\sierra_504_connors_rsi.md	9431	9450	Extraction_SierraChart_Sierra504ConnorsRsi_v1.md
450	sierrachart	sierra_62_momentum_trend	C:\trading-copilote\01-pipeline\bundles\sierrachart\sierra_62_momentum_trend.md	9451	9470	Extraction_SierraChart_Sierra62MomentumTrend_v1.md
451	sierrachart	tpo_market_profile	C:\trading-copilote\01-pipeline\bundles\sierrachart\tpo_market_profile.md	9471	9490	Extraction_SierraChart_TpoMarketProfile_v1.md
452	cftc	cftc_glossary	C:\trading-copilote\01-pipeline\bundles\cftc\cftc_glossary.md	9491	9510	Extraction_CFTC_CftcGlossary_v1.md
453	cftc	cot_about_reports	C:\trading-copilote\01-pipeline\bundles\cftc\cot_about_reports.md	9511	9530	Extraction_CFTC_CotAboutReports_v1.md
454	cftc	cot_disaggregated_notes	C:\trading-copilote\01-pipeline\bundles\cftc\cot_disaggregated_notes.md	9531	9550	Extraction_CFTC_CotDisaggregatedNotes_v1.md
455	cftc	cot_historical_compressed	C:\trading-copilote\01-pipeline\bundles\cftc\cot_historical_compressed.md	9551	9570	Extraction_CFTC_CotHistoricalCompressed_v1.md
456	cftc	cot_tff_notes	C:\trading-copilote\01-pipeline\bundles\cftc\cot_tff_notes.md	9571	9590	Extraction_CFTC_CotTffNotes_v1.md
457	cftc	cot_variables_cit	C:\trading-copilote\01-pipeline\bundles\cftc\cot_variables_cit.md	9591	9610	Extraction_CFTC_CotVariablesCit_v1.md
458	cftc	cot_variables_disaggregated	C:\trading-copilote\01-pipeline\bundles\cftc\cot_variables_disaggregated.md	9611	9630	Extraction_CFTC_CotVariablesDisaggregated_v1.md
459	cftc	cot_variables_legacy	C:\trading-copilote\01-pipeline\bundles\cftc\cot_variables_legacy.md	9631	9650	Extraction_CFTC_CotVariablesLegacy_v1.md
460	cftc	cot_variables_tff	C:\trading-copilote\01-pipeline\bundles\cftc\cot_variables_tff.md	9651	9670	Extraction_CFTC_CotVariablesTff_v1.md
