https://chartschool.stockcharts.com/table-of-contents/chart-analysis/candlestick-charts.md	candlestick_charts
https://chartschool.stockcharts.com/table-of-contents/chart-analysis/candlestick-charts/candlestick-pattern-dictionary.md	candlestick_pattern_dictionary
https://chartschool.stockcharts.com/table-of-contents/chart-analysis/candlestick-charts/candlesticks-and-resistance.md	candlesticks_and_resistance
https://chartschool.stockcharts.com/table-of-contents/chart-analysis/candlestick-charts/candlesticks-and-support.md	candlesticks_and_support
https://chartschool.stockcharts.com/table-of-contents/chart-analysis/candlestick-charts/candlesticks-and-traditional-chart-analysis.md	candlesticks_and_traditional_chart_analysis
https://chartschool.stockcharts.com/table-of-contents/chart-analysis/candlestick-charts/introduction-to-candlesticks.md	introduction_to_candlesticks
https://chartschool.stockcharts.com/table-of-contents/chart-analysis/chart-annotation-tools.md	chart_annotation_tools
https://chartschool.stockcharts.com/table-of-contents/chart-analysis/chart-annotation-tools/andrews-pitchfork.md	andrews_pitchfork
https://chartschool.stockcharts.com/table-of-contents/chart-analysis/chart-annotation-tools/fibonacci-arcs.md	fibonacci_arcs
https://chartschool.stockcharts.com/table-of-contents/chart-analysis/chart-annotation-tools/fibonacci-fans.md	fibonacci_fans
https://chartschool.stockcharts.com/table-of-contents/chart-analysis/chart-annotation-tools/fibonacci-retracements.md	fibonacci_retracements
https://chartschool.stockcharts.com/table-of-contents/chart-analysis/chart-annotation-tools/fibonacci-time-zones.md	fibonacci_time_zones
https://chartschool.stockcharts.com/table-of-contents/chart-analysis/chart-annotation-tools/quadrant-lines.md	quadrant_lines
https://chartschool.stockcharts.com/table-of-contents/chart-analysis/chart-annotation-tools/raff-regression-channel.md	raff_regression_channel
https://chartschool.stockcharts.com/table-of-contents/chart-analysis/chart-annotation-tools/speed-resistance-lines.md	speed_resistance_lines
https://chartschool.stockcharts.com/table-of-contents/chart-analysis/chart-annotation-tools/stock-market-cycles.md	stock_market_cycles
https://chartschool.stockcharts.com/table-of-contents/chart-analysis/chart-patterns.md	chart_patterns
https://chartschool.stockcharts.com/table-of-contents/chart-analysis/chart-patterns/ascending-triangle.md	ascending_triangle
https://chartschool.stockcharts.com/table-of-contents/chart-analysis/chart-patterns/broadening-top-or-megaphone-top.md	broadening_top_or_megaphone_top
https://chartschool.stockcharts.com/table-of-contents/chart-analysis/chart-patterns/bump-and-run-reversal.md	bump_and_run_reversal
https://chartschool.stockcharts.com/table-of-contents/chart-analysis/chart-patterns/cup-with-handle.md	cup_with_handle
https://chartschool.stockcharts.com/table-of-contents/chart-analysis/chart-patterns/descending-triangle.md	descending_triangle
https://chartschool.stockcharts.com/table-of-contents/chart-analysis/chart-patterns/double-bottom-reversal.md	double_bottom_reversal
https://chartschool.stockcharts.com/table-of-contents/chart-analysis/chart-patterns/double-top-reversal.md	double_top_reversal
https://chartschool.stockcharts.com/table-of-contents/chart-analysis/chart-patterns/falling-wedge.md	falling_wedge
https://chartschool.stockcharts.com/table-of-contents/chart-analysis/chart-patterns/flag-pennant.md	flag_pennant
https://chartschool.stockcharts.com/table-of-contents/chart-analysis/chart-patterns/head-and-shoulders-bottom.md	head_and_shoulders_bottom
https://chartschool.stockcharts.com/table-of-contents/chart-analysis/chart-patterns/head-and-shoulders-top.md	head_and_shoulders_top
https://chartschool.stockcharts.com/table-of-contents/chart-analysis/chart-patterns/measured-move-bearish.md	measured_move_bearish
https://chartschool.stockcharts.com/table-of-contents/chart-analysis/chart-patterns/measured-move-bullish.md	measured_move_bullish
https://chartschool.stockcharts.com/table-of-contents/chart-analysis/chart-patterns/price-channel.md	price_channel
https://chartschool.stockcharts.com/table-of-contents/chart-analysis/chart-patterns/rectangle.md	rectangle
https://chartschool.stockcharts.com/table-of-contents/chart-analysis/chart-patterns/rising-wedge.md	rising_wedge
https://chartschool.stockcharts.com/table-of-contents/chart-analysis/chart-patterns/rounding-bottom.md	rounding_bottom
https://chartschool.stockcharts.com/table-of-contents/chart-analysis/chart-patterns/symmetrical-triangle.md	symmetrical_triangle
https://chartschool.stockcharts.com/table-of-contents/chart-analysis/chart-patterns/triple-bottom-reversal.md	triple_bottom_reversal
https://chartschool.stockcharts.com/table-of-contents/chart-analysis/chart-patterns/triple-top-reversal.md	triple_top_reversal
https://chartschool.stockcharts.com/table-of-contents/chart-analysis/chart-types.md	chart_types
https://chartschool.stockcharts.com/table-of-contents/chart-analysis/chart-types/arms-candlevolume.md	arms_candlevolume
https://chartschool.stockcharts.com/table-of-contents/chart-analysis/chart-types/candlevolume.md	candlevolume
https://chartschool.stockcharts.com/table-of-contents/chart-analysis/chart-types/elder-impulse-system.md	elder_impulse_system
https://chartschool.stockcharts.com/table-of-contents/chart-analysis/chart-types/equivolume.md	equivolume
https://chartschool.stockcharts.com/table-of-contents/chart-analysis/chart-types/heikin-ashi-candlesticks.md	heikin_ashi_candlesticks
https://chartschool.stockcharts.com/table-of-contents/chart-analysis/chart-types/kagi-charts.md	kagi_charts
https://chartschool.stockcharts.com/table-of-contents/chart-analysis/chart-types/relative-rotation-graphs-rrg-charts.md	relative_rotation_graphs_rrg_charts
https://chartschool.stockcharts.com/table-of-contents/chart-analysis/chart-types/renko-charts.md	renko_charts
https://chartschool.stockcharts.com/table-of-contents/chart-analysis/chart-types/seasonality-charts.md	seasonality_charts
https://chartschool.stockcharts.com/table-of-contents/chart-analysis/chart-types/three-line-break-charts.md	three_line_break_charts
https://chartschool.stockcharts.com/table-of-contents/chart-analysis/chart-types/yield-curve.md	yield_curve
https://chartschool.stockcharts.com/table-of-contents/chart-analysis/gaps-and-gap-analysis.md	gaps_and_gap_analysis
https://chartschool.stockcharts.com/table-of-contents/chart-analysis/introduction-to-chart-patterns.md	introduction_to_chart_patterns
https://chartschool.stockcharts.com/table-of-contents/chart-analysis/point-and-figure-charts.md	point_and_figure_charts
https://chartschool.stockcharts.com/table-of-contents/chart-analysis/point-and-figure-charts/classic-patterns.md	classic_patterns
https://chartschool.stockcharts.com/table-of-contents/chart-analysis/point-and-figure-charts/classic-patterns/p-and-f-bearish-breakdowns.md	p_and_f_bearish_breakdowns
https://chartschool.stockcharts.com/table-of-contents/chart-analysis/point-and-figure-charts/classic-patterns/p-and-f-bull-and-bear-traps.md	p_and_f_bull_and_bear_traps
https://chartschool.stockcharts.com/table-of-contents/chart-analysis/point-and-figure-charts/classic-patterns/p-and-f-bullish-breakouts.md	p_and_f_bullish_breakouts
https://chartschool.stockcharts.com/table-of-contents/chart-analysis/point-and-figure-charts/classic-patterns/p-and-f-catapults.md	p_and_f_catapults
https://chartschool.stockcharts.com/table-of-contents/chart-analysis/point-and-figure-charts/classic-patterns/p-and-f-signal-reversed.md	p_and_f_signal_reversed
https://chartschool.stockcharts.com/table-of-contents/chart-analysis/point-and-figure-charts/classic-patterns/p-and-f-triangles.md	p_and_f_triangles
https://chartschool.stockcharts.com/table-of-contents/chart-analysis/point-and-figure-charts/p-and-f-price-objectives.md	p_and_f_price_objectives
https://chartschool.stockcharts.com/table-of-contents/chart-analysis/point-and-figure-charts/p-and-f-price-objectives/p-and-f-price-objectives-breakout-and-reversal-method.md	p_and_f_price_objectives_breakout_and_reversal_method
https://chartschool.stockcharts.com/table-of-contents/chart-analysis/point-and-figure-charts/p-and-f-price-objectives/p-and-f-price-objectives-horizontal-counts.md	p_and_f_price_objectives_horizontal_counts
https://chartschool.stockcharts.com/table-of-contents/chart-analysis/point-and-figure-charts/p-and-f-price-objectives/p-and-f-price-objectives-vertical-counts.md	p_and_f_price_objectives_vertical_counts
https://chartschool.stockcharts.com/table-of-contents/chart-analysis/point-and-figure-charts/point-and-figure-basics.md	point_and_figure_basics
https://chartschool.stockcharts.com/table-of-contents/chart-analysis/point-and-figure-charts/point-and-figure-basics/introduction-to-point-and-figure-charts.md	introduction_to_point_and_figure_charts
https://chartschool.stockcharts.com/table-of-contents/chart-analysis/point-and-figure-charts/point-and-figure-basics/p-and-f-trend-lines.md	p_and_f_trend_lines
https://chartschool.stockcharts.com/table-of-contents/chart-analysis/point-and-figure-charts/point-and-figure-basics/point-and-figure-scaling-and-timeframes.md	point_and_figure_scaling_and_timeframes
https://chartschool.stockcharts.com/table-of-contents/chart-analysis/point-and-figure-charts/point-and-figure-indicators.md	point_and_figure_indicators
https://chartschool.stockcharts.com/table-of-contents/chart-analysis/support-and-resistance.md	support_and_resistance
https://chartschool.stockcharts.com/table-of-contents/chart-analysis/trend-lines.md	trend_lines
https://chartschool.stockcharts.com/table-of-contents/chart-analysis/what-are-charts.md	what_are_charts
https://chartschool.stockcharts.com/table-of-contents/index-and-market-indicator-catalog/cme-futures-and-spot-prices.md	cme_futures_and_spot_prices
https://chartschool.stockcharts.com/table-of-contents/index-and-market-indicator-catalog/economic-indicators.md	economic_indicators
https://chartschool.stockcharts.com/table-of-contents/index-and-market-indicator-catalog/ice-futures-and-spot-prices.md	ice_futures_and_spot_prices
https://chartschool.stockcharts.com/table-of-contents/index-and-market-indicator-catalog/s-and-p-gsci-indices.md	s_and_p_gsci_indices
https://chartschool.stockcharts.com/table-of-contents/index-and-market-indicator-catalog/us-treasury-yields.md	us_treasury_yields
https://chartschool.stockcharts.com/table-of-contents/market-analysis/dow-theory.md	dow_theory
https://chartschool.stockcharts.com/table-of-contents/market-analysis/elliott-wave-analysis-articles.md	elliott_wave_analysis_articles
https://chartschool.stockcharts.com/table-of-contents/market-analysis/elliott-wave-analysis-articles/guidelines-for-applying-elliott-wave-theory.md	guidelines_for_applying_elliott_wave_theory
https://chartschool.stockcharts.com/table-of-contents/market-analysis/elliott-wave-analysis-articles/identifying-elliott-wave-patterns.md	identifying_elliott_wave_patterns
https://chartschool.stockcharts.com/table-of-contents/market-analysis/elliott-wave-analysis-articles/introduction-to-elliott-wave-theory.md	introduction_to_elliott_wave_theory
https://chartschool.stockcharts.com/table-of-contents/market-analysis/intermarket-analysis.md	intermarket_analysis
https://chartschool.stockcharts.com/table-of-contents/market-analysis/sector-rotation-analysis.md	sector_rotation_analysis
https://chartschool.stockcharts.com/table-of-contents/market-analysis/wyckoff-analysis-articles.md	wyckoff_analysis_articles
https://chartschool.stockcharts.com/table-of-contents/market-analysis/wyckoff-analysis-articles/wyckoff-market-analysis.md	wyckoff_market_analysis
https://chartschool.stockcharts.com/table-of-contents/market-analysis/wyckoff-analysis-articles/wyckoff-stock-analysis.md	wyckoff_stock_analysis
https://chartschool.stockcharts.com/table-of-contents/market-indicators/advance-decline-line.md	advance_decline_line
https://chartschool.stockcharts.com/table-of-contents/market-indicators/advance-decline-percent.md	advance_decline_percent
https://chartschool.stockcharts.com/table-of-contents/market-indicators/advance-decline-volume-line.md	advance_decline_volume_line
https://chartschool.stockcharts.com/table-of-contents/market-indicators/advance-decline-volume-percent.md	advance_decline_volume_percent
https://chartschool.stockcharts.com/table-of-contents/market-indicators/arms-index-trin.md	arms_index_trin
https://chartschool.stockcharts.com/table-of-contents/market-indicators/bullish-percent-index-bpi.md	bullish_percent_index_bpi
https://chartschool.stockcharts.com/table-of-contents/market-indicators/high-low-index.md	high_low_index
https://chartschool.stockcharts.com/table-of-contents/market-indicators/high-low-percent.md	high_low_percent
https://chartschool.stockcharts.com/table-of-contents/market-indicators/introduction-to-market-indicators.md	introduction_to_market_indicators
https://chartschool.stockcharts.com/table-of-contents/market-indicators/introduction-to-market-indicators/market-indicator-dictionary.md	market_indicator_dictionary
https://chartschool.stockcharts.com/table-of-contents/market-indicators/mcclellan-oscillator.md	mcclellan_oscillator
https://chartschool.stockcharts.com/table-of-contents/market-indicators/mcclellan-summation-index.md	mcclellan_summation_index
https://chartschool.stockcharts.com/table-of-contents/market-indicators/put-call-ratio.md	put_call_ratio
https://chartschool.stockcharts.com/table-of-contents/market-indicators/volatility-indices.md	volatility_indices
https://chartschool.stockcharts.com/table-of-contents/overview/arthur-hill-on-goals-style-and-strategy.md	arthur_hill_on_goals_style_and_strategy
https://chartschool.stockcharts.com/table-of-contents/overview/arthur-hill-on-moving-average-crossovers.md	arthur_hill_on_moving_average_crossovers
https://chartschool.stockcharts.com/table-of-contents/overview/bob-farrells-10-rules.md	bob_farrells_10_rules
https://chartschool.stockcharts.com/table-of-contents/overview/cognitive-biases.md	cognitive_biases
https://chartschool.stockcharts.com/table-of-contents/overview/donchian-trading-guidelines.md	donchian_trading_guidelines
https://chartschool.stockcharts.com/table-of-contents/overview/irrational-exuberance.md	irrational_exuberance
https://chartschool.stockcharts.com/table-of-contents/overview/john-murphys-10-laws-of-technical-trading.md	john_murphys_10_laws_of_technical_trading
https://chartschool.stockcharts.com/table-of-contents/overview/multicollinearity.md	multicollinearity
https://chartschool.stockcharts.com/table-of-contents/overview/random-walk-vs.-non-random-walk.md	random_walk_vs_non_random_walk
https://chartschool.stockcharts.com/table-of-contents/overview/richard-rhodes-trading-rules.md	richard_rhodes_trading_rules
https://chartschool.stockcharts.com/table-of-contents/overview/technical-analysis.md	technical_analysis
https://chartschool.stockcharts.com/table-of-contents/overview/technical-analysis-101.md	technical_analysis_101
https://chartschool.stockcharts.com/table-of-contents/overview/technical-analysis-101/ta-101-part-1.md	ta_101_part_1
https://chartschool.stockcharts.com/table-of-contents/overview/technical-analysis-101/ta-101-part-10.md	ta_101_part_10
https://chartschool.stockcharts.com/table-of-contents/overview/technical-analysis-101/ta-101-part-11.md	ta_101_part_11
https://chartschool.stockcharts.com/table-of-contents/overview/technical-analysis-101/ta-101-part-12.md	ta_101_part_12
https://chartschool.stockcharts.com/table-of-contents/overview/technical-analysis-101/ta-101-part-13.md	ta_101_part_13
https://chartschool.stockcharts.com/table-of-contents/overview/technical-analysis-101/ta-101-part-14.md	ta_101_part_14
https://chartschool.stockcharts.com/table-of-contents/overview/technical-analysis-101/ta-101-part-15.md	ta_101_part_15
https://chartschool.stockcharts.com/table-of-contents/overview/technical-analysis-101/ta-101-part-16.md	ta_101_part_16
https://chartschool.stockcharts.com/table-of-contents/overview/technical-analysis-101/ta-101-part-17.md	ta_101_part_17
https://chartschool.stockcharts.com/table-of-contents/overview/technical-analysis-101/ta-101-part-2.md	ta_101_part_2
https://chartschool.stockcharts.com/table-of-contents/overview/technical-analysis-101/ta-101-part-3.md	ta_101_part_3
https://chartschool.stockcharts.com/table-of-contents/overview/technical-analysis-101/ta-101-part-4.md	ta_101_part_4
https://chartschool.stockcharts.com/table-of-contents/overview/technical-analysis-101/ta-101-part-5.md	ta_101_part_5
https://chartschool.stockcharts.com/table-of-contents/overview/technical-analysis-101/ta-101-part-6.md	ta_101_part_6
https://chartschool.stockcharts.com/table-of-contents/overview/technical-analysis-101/ta-101-part-7.md	ta_101_part_7
https://chartschool.stockcharts.com/table-of-contents/overview/technical-analysis-101/ta-101-part-8.md	ta_101_part_8
https://chartschool.stockcharts.com/table-of-contents/overview/technical-analysis-101/ta-101-part-9.md	ta_101_part_9
https://chartschool.stockcharts.com/table-of-contents/overview/the-traders-journal-by-gatis-roze.md	the_traders_journal_by_gatis_roze
https://chartschool.stockcharts.com/table-of-contents/overview/the-traders-journal-by-gatis-roze/additional-reading.md	additional_reading
https://chartschool.stockcharts.com/table-of-contents/overview/the-traders-journal-by-gatis-roze/stage-1-money-management.md	stage_1_money_management
https://chartschool.stockcharts.com/table-of-contents/overview/the-traders-journal-by-gatis-roze/stage-10-re-examine-refine-re-enhance.md	stage_10_re_examine_refine_re_enhance
https://chartschool.stockcharts.com/table-of-contents/overview/the-traders-journal-by-gatis-roze/stage-2-business-of-investing.md	stage_2_business_of_investing
https://chartschool.stockcharts.com/table-of-contents/overview/the-traders-journal-by-gatis-roze/stage-3-the-investor-self.md	stage_3_the_investor_self
https://chartschool.stockcharts.com/table-of-contents/overview/the-traders-journal-by-gatis-roze/stage-4-market-analysis.md	stage_4_market_analysis
https://chartschool.stockcharts.com/table-of-contents/overview/the-traders-journal-by-gatis-roze/stage-5-routines.md	stage_5_routines
https://chartschool.stockcharts.com/table-of-contents/overview/the-traders-journal-by-gatis-roze/stage-6-stalking-your-trade.md	stage_6_stalking_your_trade
https://chartschool.stockcharts.com/table-of-contents/overview/the-traders-journal-by-gatis-roze/stage-7-buying.md	stage_7_buying
https://chartschool.stockcharts.com/table-of-contents/overview/the-traders-journal-by-gatis-roze/stage-8-monitoring-your-investments.md	stage_8_monitoring_your_investments
https://chartschool.stockcharts.com/table-of-contents/overview/the-traders-journal-by-gatis-roze/stage-9-selling.md	stage_9_selling
https://chartschool.stockcharts.com/table-of-contents/overview/why-and-how-to-use-correlation.md	why_and_how_to_use_correlation
https://chartschool.stockcharts.com/table-of-contents/technical-indicators-and-overlays/introduction-to-technical-indicators-and-oscillators.md	introduction_to_technical_indicators_and_oscillators
https://chartschool.stockcharts.com/table-of-contents/technical-indicators-and-overlays/technical-indicators.md	technical_indicators
https://chartschool.stockcharts.com/table-of-contents/technical-indicators-and-overlays/technical-indicators/accumulation-distribution-line.md	accumulation_distribution_line
https://chartschool.stockcharts.com/table-of-contents/technical-indicators-and-overlays/technical-indicators/aroon.md	aroon
https://chartschool.stockcharts.com/table-of-contents/technical-indicators-and-overlays/technical-indicators/aroon-oscillator.md	aroon_oscillator
https://chartschool.stockcharts.com/table-of-contents/technical-indicators-and-overlays/technical-indicators/atr-bands.md	atr_bands
https://chartschool.stockcharts.com/table-of-contents/technical-indicators-and-overlays/technical-indicators/atr-trailing-stops.md	atr_trailing_stops
https://chartschool.stockcharts.com/table-of-contents/technical-indicators-and-overlays/technical-indicators/average-true-range-atr.md	average_true_range_atr
https://chartschool.stockcharts.com/table-of-contents/technical-indicators-and-overlays/technical-indicators/average-true-range-percent-atrp.md	average_true_range_percent_atrp
https://chartschool.stockcharts.com/table-of-contents/technical-indicators-and-overlays/technical-indicators/b-indicator.md	b_indicator
https://chartschool.stockcharts.com/table-of-contents/technical-indicators-and-overlays/technical-indicators/balance-of-power-bop.md	balance_of_power_bop
https://chartschool.stockcharts.com/table-of-contents/technical-indicators-and-overlays/technical-indicators/bollinger-bandwidth.md	bollinger_bandwidth
https://chartschool.stockcharts.com/table-of-contents/technical-indicators-and-overlays/technical-indicators/chaikin-money-flow-cmf.md	chaikin_money_flow_cmf
https://chartschool.stockcharts.com/table-of-contents/technical-indicators-and-overlays/technical-indicators/chaikin-oscillator.md	chaikin_oscillator
https://chartschool.stockcharts.com/table-of-contents/technical-indicators-and-overlays/technical-indicators/chande-trend-meter-ctm.md	chande_trend_meter_ctm
https://chartschool.stockcharts.com/table-of-contents/technical-indicators-and-overlays/technical-indicators/commodity-channel-index-cci.md	commodity_channel_index_cci
https://chartschool.stockcharts.com/table-of-contents/technical-indicators-and-overlays/technical-indicators/connorsrsi.md	connorsrsi
https://chartschool.stockcharts.com/table-of-contents/technical-indicators-and-overlays/technical-indicators/coppock-curve.md	coppock_curve
https://chartschool.stockcharts.com/table-of-contents/technical-indicators-and-overlays/technical-indicators/correlation-coefficient.md	correlation_coefficient
https://chartschool.stockcharts.com/table-of-contents/technical-indicators-and-overlays/technical-indicators/decisionpoint-price-momentum-oscillator-pmo.md	decisionpoint_price_momentum_oscillator_pmo
https://chartschool.stockcharts.com/table-of-contents/technical-indicators-and-overlays/technical-indicators/detrended-price-oscillator-dpo.md	detrended_price_oscillator_dpo
https://chartschool.stockcharts.com/table-of-contents/technical-indicators-and-overlays/technical-indicators/ease-of-movement-emv.md	ease_of_movement_emv
https://chartschool.stockcharts.com/table-of-contents/technical-indicators-and-overlays/technical-indicators/force-index.md	force_index
https://chartschool.stockcharts.com/table-of-contents/technical-indicators-and-overlays/technical-indicators/high-low-bands.md	high_low_bands
https://chartschool.stockcharts.com/table-of-contents/technical-indicators-and-overlays/technical-indicators/macd-histogram.md	macd_histogram
https://chartschool.stockcharts.com/table-of-contents/technical-indicators-and-overlays/technical-indicators/macd-v.md	macd_v
https://chartschool.stockcharts.com/table-of-contents/technical-indicators-and-overlays/technical-indicators/macd-v-histogram.md	macd_v_histogram
https://chartschool.stockcharts.com/table-of-contents/technical-indicators-and-overlays/technical-indicators/mass-index.md	mass_index
https://chartschool.stockcharts.com/table-of-contents/technical-indicators-and-overlays/technical-indicators/money-flow-index-mfi.md	money_flow_index_mfi
https://chartschool.stockcharts.com/table-of-contents/technical-indicators-and-overlays/technical-indicators/negative-volume-index-nvi.md	negative_volume_index_nvi
https://chartschool.stockcharts.com/table-of-contents/technical-indicators-and-overlays/technical-indicators/on-balance-volume-obv.md	on_balance_volume_obv
https://chartschool.stockcharts.com/table-of-contents/technical-indicators-and-overlays/technical-indicators/percentage-price-oscillator-ppo.md	percentage_price_oscillator_ppo
https://chartschool.stockcharts.com/table-of-contents/technical-indicators-and-overlays/technical-indicators/percentage-volume-oscillator-pvo.md	percentage_volume_oscillator_pvo
https://chartschool.stockcharts.com/table-of-contents/technical-indicators-and-overlays/technical-indicators/price-relative-relative-strength.md	price_relative_relative_strength
https://chartschool.stockcharts.com/table-of-contents/technical-indicators-and-overlays/technical-indicators/prings-know-sure-thing-kst.md	prings_know_sure_thing_kst
https://chartschool.stockcharts.com/table-of-contents/technical-indicators-and-overlays/technical-indicators/prings-special-k.md	prings_special_k
https://chartschool.stockcharts.com/table-of-contents/technical-indicators-and-overlays/technical-indicators/rate-of-change-roc.md	rate_of_change_roc
https://chartschool.stockcharts.com/table-of-contents/technical-indicators-and-overlays/technical-indicators/relative-volume-rvol.md	relative_volume_rvol
https://chartschool.stockcharts.com/table-of-contents/technical-indicators-and-overlays/technical-indicators/slope.md	slope
https://chartschool.stockcharts.com/table-of-contents/technical-indicators-and-overlays/technical-indicators/standard-deviation-volatility.md	standard_deviation_volatility
https://chartschool.stockcharts.com/table-of-contents/technical-indicators-and-overlays/technical-indicators/stochastic-oscillator-fast-slow-and-full.md	stochastic_oscillator_fast_slow_and_full
https://chartschool.stockcharts.com/table-of-contents/technical-indicators-and-overlays/technical-indicators/stochrsi.md	stochrsi
https://chartschool.stockcharts.com/table-of-contents/technical-indicators-and-overlays/technical-indicators/trix.md	trix
https://chartschool.stockcharts.com/table-of-contents/technical-indicators-and-overlays/technical-indicators/true-range.md	true_range
https://chartschool.stockcharts.com/table-of-contents/technical-indicators-and-overlays/technical-indicators/true-strength-index.md	true_strength_index
https://chartschool.stockcharts.com/table-of-contents/technical-indicators-and-overlays/technical-indicators/ttm-squeeze.md	ttm_squeeze
https://chartschool.stockcharts.com/table-of-contents/technical-indicators-and-overlays/technical-indicators/ulcer-index.md	ulcer_index
https://chartschool.stockcharts.com/table-of-contents/technical-indicators-and-overlays/technical-indicators/ultimate-oscillator.md	ultimate_oscillator
https://chartschool.stockcharts.com/table-of-contents/technical-indicators-and-overlays/technical-indicators/vortex-indicator.md	vortex_indicator
https://chartschool.stockcharts.com/table-of-contents/technical-indicators-and-overlays/technical-indicators/williams-r.md	williams_r
https://chartschool.stockcharts.com/table-of-contents/technical-indicators-and-overlays/technical-overlays.md	technical_overlays
https://chartschool.stockcharts.com/table-of-contents/technical-indicators-and-overlays/technical-overlays/alligator.md	alligator
https://chartschool.stockcharts.com/table-of-contents/technical-indicators-and-overlays/technical-overlays/anchored-vwap.md	anchored_vwap
https://chartschool.stockcharts.com/table-of-contents/technical-indicators-and-overlays/technical-overlays/bollinger-bands.md	bollinger_bands
https://chartschool.stockcharts.com/table-of-contents/technical-indicators-and-overlays/technical-overlays/chandelier-exit.md	chandelier_exit
https://chartschool.stockcharts.com/table-of-contents/technical-indicators-and-overlays/technical-overlays/double-exponential-moving-average-dema.md	double_exponential_moving_average_dema
https://chartschool.stockcharts.com/table-of-contents/technical-indicators-and-overlays/technical-overlays/hull-moving-average-hma.md	hull_moving_average_hma
https://chartschool.stockcharts.com/table-of-contents/technical-indicators-and-overlays/technical-overlays/ichimoku-cloud.md	ichimoku_cloud
https://chartschool.stockcharts.com/table-of-contents/technical-indicators-and-overlays/technical-overlays/kaufmans-adaptive-moving-average-kama.md	kaufmans_adaptive_moving_average_kama
https://chartschool.stockcharts.com/table-of-contents/technical-indicators-and-overlays/technical-overlays/keltner-channels.md	keltner_channels
https://chartschool.stockcharts.com/table-of-contents/technical-indicators-and-overlays/technical-overlays/linear-regression-forecast.md	linear_regression_forecast
https://chartschool.stockcharts.com/table-of-contents/technical-indicators-and-overlays/technical-overlays/moving-average-envelopes.md	moving_average_envelopes
https://chartschool.stockcharts.com/table-of-contents/technical-indicators-and-overlays/technical-overlays/moving-average-ribbon.md	moving_average_ribbon
https://chartschool.stockcharts.com/table-of-contents/technical-indicators-and-overlays/technical-overlays/parabolic-sar.md	parabolic_sar
https://chartschool.stockcharts.com/table-of-contents/technical-indicators-and-overlays/technical-overlays/pivot-points.md	pivot_points
https://chartschool.stockcharts.com/table-of-contents/technical-indicators-and-overlays/technical-overlays/price-channels.md	price_channels
https://chartschool.stockcharts.com/table-of-contents/technical-indicators-and-overlays/technical-overlays/triple-exponential-moving-average-tema.md	triple_exponential_moving_average_tema
https://chartschool.stockcharts.com/table-of-contents/technical-indicators-and-overlays/technical-overlays/volume-by-price.md	volume_by_price
https://chartschool.stockcharts.com/table-of-contents/technical-indicators-and-overlays/technical-overlays/volume-weighted-average-price-vwap.md	volume_weighted_average_price_vwap
https://chartschool.stockcharts.com/table-of-contents/technical-indicators-and-overlays/technical-overlays/zigzag.md	zigzag
https://chartschool.stockcharts.com/table-of-contents/trading-strategies-and-models/trading-strategies.md	trading_strategies
https://chartschool.stockcharts.com/table-of-contents/trading-strategies-and-models/trading-strategies/bollinger-band-squeeze.md	bollinger_band_squeeze
https://chartschool.stockcharts.com/table-of-contents/trading-strategies-and-models/trading-strategies/cci-correction.md	cci_correction
https://chartschool.stockcharts.com/table-of-contents/trading-strategies-and-models/trading-strategies/cvr3-vix-market-timing.md	cvr3_vix_market_timing
https://chartschool.stockcharts.com/table-of-contents/trading-strategies-and-models/trading-strategies/gap-trading-strategies.md	gap_trading_strategies
https://chartschool.stockcharts.com/table-of-contents/trading-strategies-and-models/trading-strategies/harmonic-patterns.md	harmonic_patterns
https://chartschool.stockcharts.com/table-of-contents/trading-strategies-and-models/trading-strategies/ichimoku-cloud-trading-strategies.md	ichimoku_cloud_trading_strategies
https://chartschool.stockcharts.com/table-of-contents/trading-strategies-and-models/trading-strategies/macd-zero-line-crosses-with-swing-points.md	macd_zero_line_crosses_with_swing_points
https://chartschool.stockcharts.com/table-of-contents/trading-strategies-and-models/trading-strategies/moving-average-trading-strategies.md	moving_average_trading_strategies
https://chartschool.stockcharts.com/table-of-contents/trading-strategies-and-models/trading-strategies/moving-average-trading-strategies/finding-support-and-resistance-in-moving-averages.md	finding_support_and_resistance_in_moving_averages
https://chartschool.stockcharts.com/table-of-contents/trading-strategies-and-models/trading-strategies/moving-average-trading-strategies/guppy-multiple-moving-average-an-ma-ribbon-designed-to-tip-the-markets-hand.md	guppy_multiple_moving_average_an_ma_ribbon_designed_to_tip_the_markets_hand
https://chartschool.stockcharts.com/table-of-contents/trading-strategies-and-models/trading-strategies/moving-average-trading-strategies/how-to-trade-price-to-moving-average-crossovers.md	how_to_trade_price_to_moving_average_crossovers
https://chartschool.stockcharts.com/table-of-contents/trading-strategies-and-models/trading-strategies/moving-average-trading-strategies/trading-the-death-cross.md	trading_the_death_cross
https://chartschool.stockcharts.com/table-of-contents/trading-strategies-and-models/trading-strategies/moving-average-trading-strategies/trading-using-the-golden-cross.md	trading_using_the_golden_cross
https://chartschool.stockcharts.com/table-of-contents/trading-strategies-and-models/trading-strategies/moving-average-trading-strategies/using-the-5-8-13-ema-crossover-for-short-term-trades.md	using_the_5_8_13_ema_crossover_for_short_term_trades
https://chartschool.stockcharts.com/table-of-contents/trading-strategies-and-models/trading-strategies/moving-momentum.md	moving_momentum
https://chartschool.stockcharts.com/table-of-contents/trading-strategies-and-models/trading-strategies/narrow-range-day-nr7.md	narrow_range_day_nr7
https://chartschool.stockcharts.com/table-of-contents/trading-strategies-and-models/trading-strategies/percent-b-money-flow.md	percent_b_money_flow
https://chartschool.stockcharts.com/table-of-contents/trading-strategies-and-models/trading-strategies/rsi-2.md	rsi_2
https://chartschool.stockcharts.com/table-of-contents/trading-strategies-and-models/trading-strategies/six-month-cycle-macd.md	six_month_cycle_macd
https://chartschool.stockcharts.com/table-of-contents/trading-strategies-and-models/trading-strategies/stochastic-pop-and-drop.md	stochastic_pop_and_drop
https://chartschool.stockcharts.com/table-of-contents/trading-strategies-and-models/trading-strategies/swing-charting.md	swing_charting
https://chartschool.stockcharts.com/table-of-contents/trading-strategies-and-models/trading-strategies/the-last-stochastic-technique.md	the_last_stochastic_technique
https://chartschool.stockcharts.com/table-of-contents/trading-strategies-and-models/trading-strategies/the-pre-holiday-effect.md	the_pre_holiday_effect
https://chartschool.stockcharts.com/table-of-contents/trading-strategies-and-models/trading-strategies/trend-quantification-and-asset-allocation.md	trend_quantification_and_asset_allocation
