https://www.adamhgrimes.com/200-day-moving-average-work/	200_day_moving_average_work
https://www.adamhgrimes.com/a-new-look-at-measuring-trend-days/	a_new_look_at_measuring_trend_days
https://www.adamhgrimes.com/a-new-tool-to-measure-trend-strength-the-grimes-efficiency-ratio/	a_new_tool_to_measure_trend_strength_the_grimes_efficiency_r
https://www.adamhgrimes.com/a-roadmap-for-the-trading-day/	a_roadmap_for_the_trading_day
https://www.adamhgrimes.com/adding-to-positions-a-simple-rule/	adding_to_positions_a_simple_rule
https://www.adamhgrimes.com/an-easy-way-to-avoid-some-losses/	an_easy_way_to_avoid_some_losses
https://www.adamhgrimes.com/anatomy-of-a-trade-nested-pullback-in-anr/	anatomy_of_a_trade_nested_pullback_in_anr
https://www.adamhgrimes.com/are-you-losing-position-size-matters/	are_you_losing_position_size_matters
https://www.adamhgrimes.com/bad-statistics-lead-bad-decisions/	bad_statistics_lead_bad_decisions
https://www.adamhgrimes.com/basic-backtesting-in-excel-conditions-logic-and-stats/	basic_backtesting_in_excel_conditions_logic_and_stats
https://www.adamhgrimes.com/basic-backtesting-in-excel-getting-data/	basic_backtesting_in_excel_getting_data
https://www.adamhgrimes.com/basic-backtesting-in-excel-graphs-and-first-calculations/	basic_backtesting_in_excel_graphs_and_first_calculations
https://www.adamhgrimes.com/basic-backtesting-in-excel-how-to-keep-learning/	basic_backtesting_in_excel_how_to_keep_learning
https://www.adamhgrimes.com/basic-backtesting-in-excel-introduction/	basic_backtesting_in_excel_introduction
https://www.adamhgrimes.com/basic-backtesting-in-excel-issues-with-data/	basic_backtesting_in_excel_issues_with_data
https://www.adamhgrimes.com/basic-backtesting-in-excel-more-data/	basic_backtesting_in_excel_more_data
https://www.adamhgrimes.com/basic-backtesting-in-excel-statistical-tests/	basic_backtesting_in_excel_statistical_tests
https://www.adamhgrimes.com/big-problem-seasonality/	big_problem_seasonality
https://www.adamhgrimes.com/breakouts-and-breakout-failures-real-world-trading/	breakouts_and_breakout_failures_real_world_trading
https://www.adamhgrimes.com/careful-with-correlations/	careful_with_correlations
https://www.adamhgrimes.com/catching-the-wave-ideas-for-finding-trend-days/	catching_the_wave_ideas_for_finding_trend_days
https://www.adamhgrimes.com/chart-day-failure-test-short-entry-facebook/	chart_day_failure_test_short_entry_facebook
https://www.adamhgrimes.com/chart-of-the-day-failure-test-in-aapl/	chart_of_the_day_failure_test_in_aapl
https://www.adamhgrimes.com/chart-of-the-day-failure-test-in-aapl-2/	chart_of_the_day_failure_test_in_aapl_2
https://www.adamhgrimes.com/chart-of-the-day-managing-the-failure-test-in-aapl/	chart_of_the_day_managing_the_failure_test_in_aapl
https://www.adamhgrimes.com/chart-of-the-day-nested-pullback-in-crude-oil/	chart_of_the_day_nested_pullback_in_crude_oil
https://www.adamhgrimes.com/chart-of-the-day-potential-failure-test-in-beans/	chart_of_the_day_potential_failure_test_in_beans
https://www.adamhgrimes.com/chartschool-trading-the-anti/	chartschool_trading_the_anti
https://www.adamhgrimes.com/choosing-best-pullbacks/	choosing_best_pullbacks
https://www.adamhgrimes.com/come-and-study-support-and-resistance-trades-with-us-this-week/	come_and_study_support_and_resistance_trades_with_us_this_we
https://www.adamhgrimes.com/common-sense-checks-quantitative-data/	common_sense_checks_quantitative_data
https://www.adamhgrimes.com/correlated-risk-or-opportunity/	correlated_risk_or_opportunity
https://www.adamhgrimes.com/cutting-losses-quickly-properly/	cutting_losses_quickly_properly
https://www.adamhgrimes.com/death-cross-omen-noise/	death_cross_omen_noise
https://www.adamhgrimes.com/defend-bad-statistics/	defend_bad_statistics
https://www.adamhgrimes.com/draw-trend-lines/	draw_trend_lines
https://www.adamhgrimes.com/failure-test/	failure_test
https://www.adamhgrimes.com/failure-test-2/	failure_test_2
https://www.adamhgrimes.com/failure-test-followthrough-in-the-eur/	failure_test_followthrough_in_the_eur
https://www.adamhgrimes.com/fibonacci-conclusions-22/	fibonacci_conclusions_22
https://www.adamhgrimes.com/fibonacci-thinking-deeper/	fibonacci_thinking_deeper
https://www.adamhgrimes.com/finding-trend-days-in-index-futures/	finding_trend_days_in_index_futures
https://www.adamhgrimes.com/first-principles-of-technical-analysis-1/	first_principles_of_technical_analysis_1
https://www.adamhgrimes.com/first-principles-of-technical-analysis-2/	first_principles_of_technical_analysis_2
https://www.adamhgrimes.com/first-principles-of-technical-analysis-3/	first_principles_of_technical_analysis_3
https://www.adamhgrimes.com/forecasting-volatility/	forecasting_volatility
https://www.adamhgrimes.com/four-reasons-trade-spreads/	four_reasons_trade_spreads
https://www.adamhgrimes.com/free-bars-little-patterns-after-big-moves/	free_bars_little_patterns_after_big_moves
https://www.adamhgrimes.com/from-noise-to-signal-building-the-rvol-relative-volume-measure/	from_noise_to_signal_building_the_rvol_relative_volume_measu
https://www.adamhgrimes.com/gap-and-go-or-gap-and-crap/	gap_and_go_or_gap_and_crap
https://www.adamhgrimes.com/how-do-you-calculate-volatility-in-excel/	how_do_you_calculate_volatility_in_excel
https://www.adamhgrimes.com/how-do-you-know-if-you-have-a-trading-edge/	how_do_you_know_if_you_have_a_trading_edge
https://www.adamhgrimes.com/how-to-calculate-futures-rolls/	how_to_calculate_futures_rolls
https://www.adamhgrimes.com/how-to-calculate-sigmaspikes/	how_to_calculate_sigmaspikes
https://www.adamhgrimes.com/how-to-learn-about-indicators/	how_to_learn_about_indicators
https://www.adamhgrimes.com/how-to-trade-support-and-resistance-levels/	how_to_trade_support_and_resistance_levels
https://www.adamhgrimes.com/important-question-riskreward/	important_question_riskreward
https://www.adamhgrimes.com/intraday-tendencies-sp-futures/	intraday_tendencies_sp_futures
https://www.adamhgrimes.com/is-santa-real-monthly-seasonality-in-the-djia/	is_santa_real_monthly_seasonality_in_the_djia
https://www.adamhgrimes.com/know-your-risk/	know_your_risk
https://www.adamhgrimes.com/knowing-the-future-with-market-stats/	knowing_the_future_with_market_stats
https://www.adamhgrimes.com/lessons-on-risk-short-volatility/	lessons_on_risk_short_volatility
https://www.adamhgrimes.com/lets-talk-turkey-thanksgiving-seasonality-in-stocks/	lets_talk_turkey_thanksgiving_seasonality_in_stocks
https://www.adamhgrimes.com/managing-gap-openings/	managing_gap_openings
https://www.adamhgrimes.com/market-stats/	market_stats
https://www.adamhgrimes.com/market-stress-index-introducing-the-msi/	market_stress_index_introducing_the_msi
https://www.adamhgrimes.com/moving-averages-digging-deeper/	moving_averages_digging_deeper
https://www.adamhgrimes.com/nested-pullback/	nested_pullback
https://www.adamhgrimes.com/nr7-an-old-friend/	nr7_an_old_friend
https://www.adamhgrimes.com/putting-momentum-work/	putting_momentum_work
https://www.adamhgrimes.com/quant-101/	quant_101
https://www.adamhgrimes.com/ranges-and-measured-moves/	ranges_and_measured_moves
https://www.adamhgrimes.com/reader-question-gaps-and-context/	reader_question_gaps_and_context
https://www.adamhgrimes.com/reader-question-how-do-i-measure-liquidity/	reader_question_how_do_i_measure_liquidity
https://www.adamhgrimes.com/reader-question-how-to-backtest/	reader_question_how_to_backtest
https://www.adamhgrimes.com/reader-question-is-vwap-useful/	reader_question_is_vwap_useful
https://www.adamhgrimes.com/reader-question-volume/	reader_question_volume
https://www.adamhgrimes.com/reader-question-what-is-momentum/	reader_question_what_is_momentum
https://www.adamhgrimes.com/revisiting-streaks/	revisiting_streaks
https://www.adamhgrimes.com/seasonality-ask-right-question/	seasonality_ask_right_question
https://www.adamhgrimes.com/showing-relative-performance-simple-price-charts/	showing_relative_performance_simple_price_charts
https://www.adamhgrimes.com/six-keys-to-effective-risk-management/	six_keys_to_effective_risk_management
https://www.adamhgrimes.com/slide-along-the-bands-a-trend-pattern-you-should-know/	slide_along_the_bands_a_trend_pattern_you_should_know
https://www.adamhgrimes.com/slip-and-slide-along-the-bands/	slip_and_slide_along_the_bands
https://www.adamhgrimes.com/slippage-yes-please/	slippage_yes_please
https://www.adamhgrimes.com/sp-500-futures-activity-by-time-of-day/	sp_500_futures_activity_by_time_of_day
https://www.adamhgrimes.com/spikes-in-the-vix/	spikes_in_the_vix
https://www.adamhgrimes.com/support-and-resistance-right-now/	support_and_resistance_right_now
https://www.adamhgrimes.com/surfing-the-market-waves-the-nested-pullback/	surfing_the_market_waves_the_nested_pullback
https://www.adamhgrimes.com/technical-analysis-thinking-in-categories/	technical_analysis_thinking_in_categories
https://www.adamhgrimes.com/technicals-everyone-overbought-oversold/	technicals_everyone_overbought_oversold
https://www.adamhgrimes.com/testing-fibonaccis-12/	testing_fibonaccis_12
https://www.adamhgrimes.com/the-anti-a-trading-lesson-from-roku/	the_anti_a_trading_lesson_from_roku
https://www.adamhgrimes.com/the-importance-of-reading-inside-the-bars/	the_importance_of_reading_inside_the_bars
https://www.adamhgrimes.com/the-law-of-small-numbers-a-mistake-youre-probably-making/	the_law_of_small_numbers_a_mistake_youre_probably_making
https://www.adamhgrimes.com/the-power-of-an-inside-bar/	the_power_of_an_inside_bar
https://www.adamhgrimes.com/the-trend-is-your-friend-except-at-the-end/	the_trend_is_your_friend_except_at_the_end
https://www.adamhgrimes.com/the-two-forces/	the_two_forces
https://www.adamhgrimes.com/the-volatility-game/	the_volatility_game
https://www.adamhgrimes.com/this-is-how-breakouts-work-lessons-from-the-sp-500/	this_is_how_breakouts_work_lessons_from_the_sp_500
https://www.adamhgrimes.com/this-is-what-manipulation-looks-like/	this_is_what_manipulation_looks_like
https://www.adamhgrimes.com/tis-the-season-or-is-it-a-deeper-look-at-seasonality-in-stocks/	tis_the_season_or_is_it_a_deeper_look_at_seasonality_in_stoc
https://www.adamhgrimes.com/toward-a-simple-model-of-price-behavior/	toward_a_simple_model_of_price_behavior
https://www.adamhgrimes.com/trade-complex-consolidations/	trade_complex_consolidations
https://www.adamhgrimes.com/trade-exits/	trade_exits
https://www.adamhgrimes.com/trade-pullbacks/	trade_pullbacks
https://www.adamhgrimes.com/trading-edge-is-you/	trading_edge_is_you
https://www.adamhgrimes.com/trading-pattern-the-failure-test/	trading_pattern_the_failure_test
https://www.adamhgrimes.com/trailing-stops-9-ideas-you-can-use-today/	trailing_stops_9_ideas_you_can_use_today
https://www.adamhgrimes.com/trend-following-futures/	trend_following_futures
https://www.adamhgrimes.com/trend-indicator-helping-hurting/	trend_indicator_helping_hurting
https://www.adamhgrimes.com/trend-indicator-video-blog/	trend_indicator_video_blog
https://www.adamhgrimes.com/trendlines-101/	trendlines_101
https://www.adamhgrimes.com/two-modes-of-market-behavior-12/	two_modes_of_market_behavior_12
https://www.adamhgrimes.com/understanding-returns/	understanding_returns
https://www.adamhgrimes.com/using-highs-and-lows/	using_highs_and_lows
https://www.adamhgrimes.com/using-spread-charts/	using_spread_charts
https://www.adamhgrimes.com/using-statistics-to-map-the-trading-day/	using_statistics_to_map_the_trading_day
https://www.adamhgrimes.com/video-blog-the-failure-test/	video_blog_the_failure_test
https://www.adamhgrimes.com/video-blog-using-the-daily-market-stats/	video_blog_using_the_daily_market_stats
https://www.adamhgrimes.com/volatility-clustering/	volatility_clustering
https://www.adamhgrimes.com/volatility-compression/	volatility_compression
https://www.adamhgrimes.com/volatility-compression-2/	volatility_compression_2
https://www.adamhgrimes.com/what-are-the-odds-what-market-stats-can-and-cant-tell-us/	what_are_the_odds_what_market_stats_can_and_cant_tell_us
https://www.adamhgrimes.com/what-happens-after-big-spikes-in-the-vix/	what_happens_after_big_spikes_in_the_vix
https://www.adamhgrimes.com/what-we-learned-about-price-levels/	what_we_learned_about_price_levels
https://www.adamhgrimes.com/whats-wrong-fibonacci/	whats_wrong_fibonacci
https://www.adamhgrimes.com/when-good-setups-go-bad/	when_good_setups_go_bad
https://www.adamhgrimes.com/when-percents-fail/	when_percents_fail
https://www.adamhgrimes.com/you-get-paid-to-hold-overnight/	you_get_paid_to_hold_overnight
