https://www.sierrachart.com/index.php?page=doc/TechnicalStudiesReference.php	hub_studies_reference
https://www.sierrachart.com/index.php?page=doc/NumbersBars.php	numbers_bars_footprint
https://www.sierrachart.com/index.php?page=doc/StudiesReference/TimePriceOpportunityCharts.html	tpo_market_profile
https://www.sierrachart.com/index.php?page=doc/StudiesReference.php&ID=292	sierra_292_cumulative_delta_volume
https://www.sierrachart.com/index.php?page=doc/StudiesReference.php&ID=296	sierra_296_cumulative_delta_trades
https://www.sierrachart.com/index.php?page=doc/StudiesReference.php&ID=323	sierra_323_cumulative_delta_tick
https://www.sierrachart.com/index.php?page=doc/StudiesReference.php&ID=444	sierra_444_bar_delta_below_bar
https://www.sierrachart.com/index.php?page=doc/StudiesReference.php&ID=368	sierra_368_numbers_bars_avg_vol_per_price
https://www.sierrachart.com/index.php?page=doc/StudiesReference.php&ID=141	sierra_141_volume_by_price
https://www.sierrachart.com/index.php?page=doc/StudiesReference.php&ID=209	sierra_209_volume_value_area_lines
https://www.sierrachart.com/index.php?page=doc/StudiesReference.php&ID=471	sierra_471_volume_va_for_bars
https://www.sierrachart.com/index.php?page=doc/StudiesReference.php&ID=158	sierra_158_tpo_value_area_lines
https://www.sierrachart.com/index.php?page=doc/StudiesReference.php&ID=108	sierra_108_vwap_std_dev
https://www.sierrachart.com/index.php?page=doc/StudiesReference.php&ID=352	sierra_352_vwap_rolling_std_dev
https://www.sierrachart.com/index.php?page=doc/StudiesReference.php&ID=38	sierra_38_rsi
https://www.sierrachart.com/index.php?page=doc/StudiesReference.php&ID=504	sierra_504_connors_rsi
https://www.sierrachart.com/index.php?page=doc/StudiesReference.php&ID=180	sierra_180_stochrsi
https://www.sierrachart.com/index.php?page=doc/StudiesReference.php&ID=500	sierra_500_laguerre_rsi
https://www.sierrachart.com/index.php?page=doc/StudiesReference.php&ID=32	sierra_32_macd
https://www.sierrachart.com/index.php?page=doc/StudiesReference.php&ID=248	sierra_248_volume_weighted_macd
https://www.sierrachart.com/index.php?page=doc/StudiesReference.php&ID=13	sierra_13_adx
https://www.sierrachart.com/index.php?page=doc/StudiesReference.php&ID=16	sierra_16_adxr
https://www.sierrachart.com/index.php?page=doc/StudiesReference.php&ID=197	sierra_197_dmi
https://www.sierrachart.com/index.php?page=doc/StudiesReference.php&ID=19	sierra_19_atr
https://www.sierrachart.com/index.php?page=doc/StudiesReference.php&ID=428	sierra_428_normalized_atr
https://www.sierrachart.com/index.php?page=doc/StudiesReference.php&ID=14	sierra_14_bollinger_bands
https://www.sierrachart.com/index.php?page=doc/StudiesReference.php&ID=135	sierra_135_bollinger_bandwidth
https://www.sierrachart.com/index.php?page=doc/StudiesReference.php&ID=221	sierra_221_bollinger_squeeze
https://www.sierrachart.com/index.php?page=doc/StudiesReference.php&ID=35	sierra_35_momentum
https://www.sierrachart.com/index.php?page=doc/StudiesReference.php&ID=188	sierra_188_chande_momentum
https://www.sierrachart.com/index.php?page=doc/StudiesReference.php&ID=435	sierra_435_pmo
https://www.sierrachart.com/index.php?page=doc/StudiesReference.php&ID=255	sierra_255_rmi
https://www.sierrachart.com/index.php?page=doc/StudiesReference.php&ID=62	sierra_62_momentum_trend
https://www.sierrachart.com/index.php?page=doc/StudiesReference.php&ID=408	sierra_408_point_figure_box_count
