https://ninjatrader.com/futures/blogs/ninjatrader-order-flow/	ninjatrader_order_flow
https://ninjatrader.com/futures/blogs/footprint-charts-guide/	footprint_charts_guide
https://ninjatrader.com/learn/order-flow-indicators/	order_flow_indicators
https://ninjatrader.com/futures/blogs/what-is-cumulative-delta-in-order-flow-trading/	what_is_cumulative_delta_in_order_flow_trading
https://ninjatrader.com/futures/blogs/track-buying-selling-pressure-with-order-flow-cumulative-delta/	track_buying_selling_pressure_with_order_flow_cumulative_delta
https://ninjatrader.com/futures/blogs/order-flow-trading-with-volumetric-bars/	order_flow_trading_with_volumetric_bars
https://ninjatrader.com/futures/blogs/use-volume-profile-to-track-order-flow-on-charts/	use_volume_profile_to_track_order_flow_on_charts
https://ninjatrader.com/futures/blogs/how-to-trade-with-volume-profile-part-1/	how_to_trade_with_volume_profile_part_1
https://ninjatrader.com/futures/blogs/what-is-volume-weighted-average-price-vwap/	what_is_volume_weighted_average_price_vwap
https://ninjatrader.com/futures/blogs/volume-analysis-in-futures-trading/	volume_analysis_in_futures_trading
https://ninjatrader.com/futures/blogs/how-to-identify-entry-zones-with-volume-analysis-trading-guide/	how_to_identify_entry_zones_with_volume_analysis_trading_guide
https://ninjatrader.com/learn/technical-analysis/analyze-volume-in-futures-markets/	analyze_volume_in_futures_markets
https://ninjatrader.com/futures/blogs/volume-spread-analysis-and-fomo-of-strong-directional-moves/	volume_spread_analysis_and_fomo_of_strong_directional_moves
https://ninjatrader.com/futures/blogs/best-futures-trading-indicators/	best_futures_trading_indicators
https://ninjatrader.com/futures/blogs/5-key-indicators-for-day-trading-futures/	5_key_indicators_for_day_trading_futures
https://ninjatrader.com/futures/blogs/common-mistakes-when-using-rsi-indicators-in-futures/	common_mistakes_when_using_rsi_indicators_in_futures
https://ninjatrader.com/learn/technical-analysis/momentum-as-indicator-in-futures-trading/	momentum_as_indicator_in_futures_trading
https://ninjatrader.com/learn/technical-analysis/use-volatility-as-indicator-in-futures-trading/	use_volatility_as_indicator_in_futures_trading
https://ninjatrader.com/learn/technical-analysis/identifying-trends-in-futures-markets/	identifying_trends_in_futures_markets
https://ninjatrader.com/learn/technical-analysis/identify-chart-patterns-on-futures-trading-charts/	identify_chart_patterns_on_futures_trading_charts
https://ninjatrader.com/futures/blogs/chart-patterns-trading/	chart_patterns_trading
https://ninjatrader.com/futures/blogs/price-action-trading-strategies/	price_action_trading_strategies
https://ninjatrader.com/futures/blogs/how-to-identify-intraday-support-and-resistance-levels-in-your-trading/	how_to_identify_intraday_support_and_resistance_levels_in_your_trading
https://ninjatrader.com/futures/blogs/supply-demand-zones-futures/	supply_demand_zones_futures
https://ninjatrader.com/futures/blogs/trade-trend-reversals-futures/	trade_trend_reversals_futures
https://ninjatrader.com/futures/blogs/how-to-trade-liquidity-traps-in-futures/	how_to_trade_liquidity_traps_in_futures
https://ninjatrader.com/futures/blogs/futures-trading-risk-management-margin-leverage-stops-position-sizing/	futures_trading_risk_management_margin_leverage_stops_position_sizing
https://ninjatrader.com/futures/blogs/mastering-risk-management-in-futures-trading/	mastering_risk_management_in_futures_trading
https://ninjatrader.com/futures/blogs/stop-loss-strategies/	stop_loss_strategies
https://ninjatrader.com/futures/futures-trading-basics/risk-management/	risk_management
https://ninjatrader.com/futures/blogs/how-to-use-the-superdom-price-ladder-for-order-entry/	how_to_use_the_superdom_price_ladder_for_order_entry
https://ninjatrader.com/futures/blogs/intro-to-the-ninjatrader-desktop-superdom/	intro_to_the_ninjatrader_desktop_superdom
https://ninjatrader.com/futures/blogs/ninjascript-best-practices/	ninjascript_best_practices
https://ninjatrader.com/futures/blogs/z-score-futures-trading-strategy/	z_score_futures_trading_strategy
https://ninjatrader.com/futures/blogs/how-to-read-a-futures-trading-chart/	how_to_read_a_futures_trading_chart
https://ninjatrader.com/learn/building-a-trading-strategy/	building_a_trading_strategy
https://ninjatrader.com/futures/blogs/how-to-use-automated-trade-management-strategies-on-ninjatrader/	how_to_use_automated_trade_management_strategies_on_ninjatrader
https://ninjatrader.com/futures/blogs/futures-trading-strategies-ranked-difficulty/	futures_trading_strategies_ranked_difficulty
