stockcharts	accumulation_distribution_line	C:\trading-copilote\01-pipeline\bundles\stockcharts\accumulation_distribution_line.md
stockcharts	additional_reading	C:\trading-copilote\01-pipeline\bundles\stockcharts\additional_reading.md
stockcharts	advance_decline_line	C:\trading-copilote\01-pipeline\bundles\stockcharts\advance_decline_line.md
stockcharts	advance_decline_percent	C:\trading-copilote\01-pipeline\bundles\stockcharts\advance_decline_percent.md
stockcharts	advance_decline_volume_line	C:\trading-copilote\01-pipeline\bundles\stockcharts\advance_decline_volume_line.md
stockcharts	advance_decline_volume_percent	C:\trading-copilote\01-pipeline\bundles\stockcharts\advance_decline_volume_percent.md
stockcharts	alligator	C:\trading-copilote\01-pipeline\bundles\stockcharts\alligator.md
stockcharts	andrews_pitchfork	C:\trading-copilote\01-pipeline\bundles\stockcharts\andrews_pitchfork.md
stockcharts	arms_candlevolume	C:\trading-copilote\01-pipeline\bundles\stockcharts\arms_candlevolume.md
stockcharts	arms_index_trin	C:\trading-copilote\01-pipeline\bundles\stockcharts\arms_index_trin.md
stockcharts	aroon	C:\trading-copilote\01-pipeline\bundles\stockcharts\aroon.md
stockcharts	aroon_oscillator	C:\trading-copilote\01-pipeline\bundles\stockcharts\aroon_oscillator.md
stockcharts	arthur_hill_on_goals_style_and_strategy	C:\trading-copilote\01-pipeline\bundles\stockcharts\arthur_hill_on_goals_style_and_strategy.md
stockcharts	arthur_hill_on_moving_average_crossovers	C:\trading-copilote\01-pipeline\bundles\stockcharts\arthur_hill_on_moving_average_crossovers.md
stockcharts	ascending_triangle	C:\trading-copilote\01-pipeline\bundles\stockcharts\ascending_triangle.md
stockcharts	atr_bands	C:\trading-copilote\01-pipeline\bundles\stockcharts\atr_bands.md
stockcharts	atr_trailing_stops	C:\trading-copilote\01-pipeline\bundles\stockcharts\atr_trailing_stops.md
stockcharts	average_true_range_atr	C:\trading-copilote\01-pipeline\bundles\stockcharts\average_true_range_atr.md
stockcharts	average_true_range_percent_atrp	C:\trading-copilote\01-pipeline\bundles\stockcharts\average_true_range_percent_atrp.md
stockcharts	b_indicator	C:\trading-copilote\01-pipeline\bundles\stockcharts\b_indicator.md
stockcharts	balance_of_power_bop	C:\trading-copilote\01-pipeline\bundles\stockcharts\balance_of_power_bop.md
stockcharts	bob_farrells_10_rules	C:\trading-copilote\01-pipeline\bundles\stockcharts\bob_farrells_10_rules.md
stockcharts	bollinger_band_squeeze	C:\trading-copilote\01-pipeline\bundles\stockcharts\bollinger_band_squeeze.md
stockcharts	bollinger_bands	C:\trading-copilote\01-pipeline\bundles\stockcharts\bollinger_bands.md
stockcharts	bollinger_bandwidth	C:\trading-copilote\01-pipeline\bundles\stockcharts\bollinger_bandwidth.md
stockcharts	broadening_top_or_megaphone_top	C:\trading-copilote\01-pipeline\bundles\stockcharts\broadening_top_or_megaphone_top.md
stockcharts	bullish_percent_index_bpi	C:\trading-copilote\01-pipeline\bundles\stockcharts\bullish_percent_index_bpi.md
stockcharts	bump_and_run_reversal	C:\trading-copilote\01-pipeline\bundles\stockcharts\bump_and_run_reversal.md
stockcharts	candlestick_charts	C:\trading-copilote\01-pipeline\bundles\stockcharts\candlestick_charts.md
stockcharts	candlestick_pattern_dictionary	C:\trading-copilote\01-pipeline\bundles\stockcharts\candlestick_pattern_dictionary.md
stockcharts	candlesticks_and_resistance	C:\trading-copilote\01-pipeline\bundles\stockcharts\candlesticks_and_resistance.md
stockcharts	candlesticks_and_support	C:\trading-copilote\01-pipeline\bundles\stockcharts\candlesticks_and_support.md
stockcharts	candlesticks_and_traditional_chart_analysis	C:\trading-copilote\01-pipeline\bundles\stockcharts\candlesticks_and_traditional_chart_analysis.md
stockcharts	candlevolume	C:\trading-copilote\01-pipeline\bundles\stockcharts\candlevolume.md
stockcharts	cci_correction	C:\trading-copilote\01-pipeline\bundles\stockcharts\cci_correction.md
stockcharts	chaikin_money_flow_cmf	C:\trading-copilote\01-pipeline\bundles\stockcharts\chaikin_money_flow_cmf.md
stockcharts	chaikin_oscillator	C:\trading-copilote\01-pipeline\bundles\stockcharts\chaikin_oscillator.md
stockcharts	chande_trend_meter_ctm	C:\trading-copilote\01-pipeline\bundles\stockcharts\chande_trend_meter_ctm.md
stockcharts	chandelier_exit	C:\trading-copilote\01-pipeline\bundles\stockcharts\chandelier_exit.md
stockcharts	chart_annotation_tools	C:\trading-copilote\01-pipeline\bundles\stockcharts\chart_annotation_tools.md
stockcharts	chart_patterns	C:\trading-copilote\01-pipeline\bundles\stockcharts\chart_patterns.md
stockcharts	chart_types	C:\trading-copilote\01-pipeline\bundles\stockcharts\chart_types.md
stockcharts	classic_patterns	C:\trading-copilote\01-pipeline\bundles\stockcharts\classic_patterns.md
stockcharts	cognitive_biases	C:\trading-copilote\01-pipeline\bundles\stockcharts\cognitive_biases.md
stockcharts	commodity_channel_index_cci	C:\trading-copilote\01-pipeline\bundles\stockcharts\commodity_channel_index_cci.md
stockcharts	connorsrsi	C:\trading-copilote\01-pipeline\bundles\stockcharts\connorsrsi.md
stockcharts	coppock_curve	C:\trading-copilote\01-pipeline\bundles\stockcharts\coppock_curve.md
stockcharts	correlation_coefficient	C:\trading-copilote\01-pipeline\bundles\stockcharts\correlation_coefficient.md
stockcharts	cup_with_handle	C:\trading-copilote\01-pipeline\bundles\stockcharts\cup_with_handle.md
stockcharts	cvr3_vix_market_timing	C:\trading-copilote\01-pipeline\bundles\stockcharts\cvr3_vix_market_timing.md
stockcharts	decisionpoint_price_momentum_oscillator_pmo	C:\trading-copilote\01-pipeline\bundles\stockcharts\decisionpoint_price_momentum_oscillator_pmo.md
stockcharts	descending_triangle	C:\trading-copilote\01-pipeline\bundles\stockcharts\descending_triangle.md
stockcharts	detrended_price_oscillator_dpo	C:\trading-copilote\01-pipeline\bundles\stockcharts\detrended_price_oscillator_dpo.md
stockcharts	donchian_trading_guidelines	C:\trading-copilote\01-pipeline\bundles\stockcharts\donchian_trading_guidelines.md
stockcharts	double_bottom_reversal	C:\trading-copilote\01-pipeline\bundles\stockcharts\double_bottom_reversal.md
stockcharts	double_exponential_moving_average_dema	C:\trading-copilote\01-pipeline\bundles\stockcharts\double_exponential_moving_average_dema.md
stockcharts	double_top_reversal	C:\trading-copilote\01-pipeline\bundles\stockcharts\double_top_reversal.md
stockcharts	dow_theory	C:\trading-copilote\01-pipeline\bundles\stockcharts\dow_theory.md
stockcharts	ease_of_movement_emv	C:\trading-copilote\01-pipeline\bundles\stockcharts\ease_of_movement_emv.md
stockcharts	economic_indicators	C:\trading-copilote\01-pipeline\bundles\stockcharts\economic_indicators.md
stockcharts	elder_impulse_system	C:\trading-copilote\01-pipeline\bundles\stockcharts\elder_impulse_system.md
stockcharts	elliott_wave_analysis_articles	C:\trading-copilote\01-pipeline\bundles\stockcharts\elliott_wave_analysis_articles.md
stockcharts	equivolume	C:\trading-copilote\01-pipeline\bundles\stockcharts\equivolume.md
stockcharts	falling_wedge	C:\trading-copilote\01-pipeline\bundles\stockcharts\falling_wedge.md
stockcharts	fibonacci_arcs	C:\trading-copilote\01-pipeline\bundles\stockcharts\fibonacci_arcs.md
stockcharts	fibonacci_fans	C:\trading-copilote\01-pipeline\bundles\stockcharts\fibonacci_fans.md
stockcharts	fibonacci_retracements	C:\trading-copilote\01-pipeline\bundles\stockcharts\fibonacci_retracements.md
stockcharts	fibonacci_time_zones	C:\trading-copilote\01-pipeline\bundles\stockcharts\fibonacci_time_zones.md
stockcharts	finding_support_and_resistance_in_moving_averages	C:\trading-copilote\01-pipeline\bundles\stockcharts\finding_support_and_resistance_in_moving_averages.md
stockcharts	flag_pennant	C:\trading-copilote\01-pipeline\bundles\stockcharts\flag_pennant.md
stockcharts	force_index	C:\trading-copilote\01-pipeline\bundles\stockcharts\force_index.md
stockcharts	gap_trading_strategies	C:\trading-copilote\01-pipeline\bundles\stockcharts\gap_trading_strategies.md
stockcharts	gaps_and_gap_analysis	C:\trading-copilote\01-pipeline\bundles\stockcharts\gaps_and_gap_analysis.md
stockcharts	guidelines_for_applying_elliott_wave_theory	C:\trading-copilote\01-pipeline\bundles\stockcharts\guidelines_for_applying_elliott_wave_theory.md
stockcharts	guppy_multiple_moving_average_an_ma_ribbon_designed_to_tip_the_markets_hand	C:\trading-copilote\01-pipeline\bundles\stockcharts\guppy_multiple_moving_average_an_ma_ribbon_designed_to_tip_the_markets_hand.md
stockcharts	harmonic_patterns	C:\trading-copilote\01-pipeline\bundles\stockcharts\harmonic_patterns.md
stockcharts	head_and_shoulders_bottom	C:\trading-copilote\01-pipeline\bundles\stockcharts\head_and_shoulders_bottom.md
stockcharts	head_and_shoulders_top	C:\trading-copilote\01-pipeline\bundles\stockcharts\head_and_shoulders_top.md
stockcharts	heikin_ashi_candlesticks	C:\trading-copilote\01-pipeline\bundles\stockcharts\heikin_ashi_candlesticks.md
stockcharts	high_low_bands	C:\trading-copilote\01-pipeline\bundles\stockcharts\high_low_bands.md
stockcharts	high_low_index	C:\trading-copilote\01-pipeline\bundles\stockcharts\high_low_index.md
stockcharts	high_low_percent	C:\trading-copilote\01-pipeline\bundles\stockcharts\high_low_percent.md
stockcharts	how_to_trade_price_to_moving_average_crossovers	C:\trading-copilote\01-pipeline\bundles\stockcharts\how_to_trade_price_to_moving_average_crossovers.md
stockcharts	hull_moving_average_hma	C:\trading-copilote\01-pipeline\bundles\stockcharts\hull_moving_average_hma.md
stockcharts	ice_futures_and_spot_prices	C:\trading-copilote\01-pipeline\bundles\stockcharts\ice_futures_and_spot_prices.md
stockcharts	ichimoku_cloud	C:\trading-copilote\01-pipeline\bundles\stockcharts\ichimoku_cloud.md
stockcharts	ichimoku_cloud_trading_strategies	C:\trading-copilote\01-pipeline\bundles\stockcharts\ichimoku_cloud_trading_strategies.md
stockcharts	identifying_elliott_wave_patterns	C:\trading-copilote\01-pipeline\bundles\stockcharts\identifying_elliott_wave_patterns.md
stockcharts	introduction_to_candlesticks	C:\trading-copilote\01-pipeline\bundles\stockcharts\introduction_to_candlesticks.md
stockcharts	introduction_to_chart_patterns	C:\trading-copilote\01-pipeline\bundles\stockcharts\introduction_to_chart_patterns.md
stockcharts	introduction_to_elliott_wave_theory	C:\trading-copilote\01-pipeline\bundles\stockcharts\introduction_to_elliott_wave_theory.md
stockcharts	introduction_to_market_indicators	C:\trading-copilote\01-pipeline\bundles\stockcharts\introduction_to_market_indicators.md
stockcharts	introduction_to_point_and_figure_charts	C:\trading-copilote\01-pipeline\bundles\stockcharts\introduction_to_point_and_figure_charts.md
stockcharts	introduction_to_technical_indicators_and_oscillators	C:\trading-copilote\01-pipeline\bundles\stockcharts\introduction_to_technical_indicators_and_oscillators.md
stockcharts	irrational_exuberance	C:\trading-copilote\01-pipeline\bundles\stockcharts\irrational_exuberance.md
stockcharts	john_murphys_10_laws_of_technical_trading	C:\trading-copilote\01-pipeline\bundles\stockcharts\john_murphys_10_laws_of_technical_trading.md
stockcharts	kagi_charts	C:\trading-copilote\01-pipeline\bundles\stockcharts\kagi_charts.md
stockcharts	kaufmans_adaptive_moving_average_kama	C:\trading-copilote\01-pipeline\bundles\stockcharts\kaufmans_adaptive_moving_average_kama.md
stockcharts	keltner_channels	C:\trading-copilote\01-pipeline\bundles\stockcharts\keltner_channels.md
stockcharts	linear_regression_forecast	C:\trading-copilote\01-pipeline\bundles\stockcharts\linear_regression_forecast.md
stockcharts	macd_histogram	C:\trading-copilote\01-pipeline\bundles\stockcharts\macd_histogram.md
stockcharts	macd_v	C:\trading-copilote\01-pipeline\bundles\stockcharts\macd_v.md
stockcharts	macd_v_histogram	C:\trading-copilote\01-pipeline\bundles\stockcharts\macd_v_histogram.md
stockcharts	macd_zero_line_crosses_with_swing_points	C:\trading-copilote\01-pipeline\bundles\stockcharts\macd_zero_line_crosses_with_swing_points.md
stockcharts	market_indicator_dictionary	C:\trading-copilote\01-pipeline\bundles\stockcharts\market_indicator_dictionary.md
stockcharts	mass_index	C:\trading-copilote\01-pipeline\bundles\stockcharts\mass_index.md
stockcharts	mcclellan_oscillator	C:\trading-copilote\01-pipeline\bundles\stockcharts\mcclellan_oscillator.md
stockcharts	mcclellan_summation_index	C:\trading-copilote\01-pipeline\bundles\stockcharts\mcclellan_summation_index.md
stockcharts	measured_move_bearish	C:\trading-copilote\01-pipeline\bundles\stockcharts\measured_move_bearish.md
stockcharts	measured_move_bullish	C:\trading-copilote\01-pipeline\bundles\stockcharts\measured_move_bullish.md
stockcharts	moving_average_envelopes	C:\trading-copilote\01-pipeline\bundles\stockcharts\moving_average_envelopes.md
stockcharts	moving_average_ribbon	C:\trading-copilote\01-pipeline\bundles\stockcharts\moving_average_ribbon.md
stockcharts	moving_average_trading_strategies	C:\trading-copilote\01-pipeline\bundles\stockcharts\moving_average_trading_strategies.md
stockcharts	moving_momentum	C:\trading-copilote\01-pipeline\bundles\stockcharts\moving_momentum.md
stockcharts	multicollinearity	C:\trading-copilote\01-pipeline\bundles\stockcharts\multicollinearity.md
stockcharts	narrow_range_day_nr7	C:\trading-copilote\01-pipeline\bundles\stockcharts\narrow_range_day_nr7.md
stockcharts	negative_volume_index_nvi	C:\trading-copilote\01-pipeline\bundles\stockcharts\negative_volume_index_nvi.md
stockcharts	on_balance_volume_obv	C:\trading-copilote\01-pipeline\bundles\stockcharts\on_balance_volume_obv.md
stockcharts	p_and_f_bearish_breakdowns	C:\trading-copilote\01-pipeline\bundles\stockcharts\p_and_f_bearish_breakdowns.md
stockcharts	p_and_f_bull_and_bear_traps	C:\trading-copilote\01-pipeline\bundles\stockcharts\p_and_f_bull_and_bear_traps.md
stockcharts	p_and_f_bullish_breakouts	C:\trading-copilote\01-pipeline\bundles\stockcharts\p_and_f_bullish_breakouts.md
stockcharts	p_and_f_catapults	C:\trading-copilote\01-pipeline\bundles\stockcharts\p_and_f_catapults.md
stockcharts	p_and_f_price_objectives	C:\trading-copilote\01-pipeline\bundles\stockcharts\p_and_f_price_objectives.md
stockcharts	p_and_f_price_objectives_breakout_and_reversal_method	C:\trading-copilote\01-pipeline\bundles\stockcharts\p_and_f_price_objectives_breakout_and_reversal_method.md
stockcharts	p_and_f_price_objectives_horizontal_counts	C:\trading-copilote\01-pipeline\bundles\stockcharts\p_and_f_price_objectives_horizontal_counts.md
stockcharts	p_and_f_price_objectives_vertical_counts	C:\trading-copilote\01-pipeline\bundles\stockcharts\p_and_f_price_objectives_vertical_counts.md
stockcharts	p_and_f_signal_reversed	C:\trading-copilote\01-pipeline\bundles\stockcharts\p_and_f_signal_reversed.md
stockcharts	p_and_f_trend_lines	C:\trading-copilote\01-pipeline\bundles\stockcharts\p_and_f_trend_lines.md
stockcharts	p_and_f_triangles	C:\trading-copilote\01-pipeline\bundles\stockcharts\p_and_f_triangles.md
stockcharts	parabolic_sar	C:\trading-copilote\01-pipeline\bundles\stockcharts\parabolic_sar.md
stockcharts	percent_b_money_flow	C:\trading-copilote\01-pipeline\bundles\stockcharts\percent_b_money_flow.md
stockcharts	percentage_price_oscillator_ppo	C:\trading-copilote\01-pipeline\bundles\stockcharts\percentage_price_oscillator_ppo.md
stockcharts	percentage_volume_oscillator_pvo	C:\trading-copilote\01-pipeline\bundles\stockcharts\percentage_volume_oscillator_pvo.md
stockcharts	point_and_figure_basics	C:\trading-copilote\01-pipeline\bundles\stockcharts\point_and_figure_basics.md
stockcharts	point_and_figure_charts	C:\trading-copilote\01-pipeline\bundles\stockcharts\point_and_figure_charts.md
stockcharts	point_and_figure_indicators	C:\trading-copilote\01-pipeline\bundles\stockcharts\point_and_figure_indicators.md
stockcharts	point_and_figure_scaling_and_timeframes	C:\trading-copilote\01-pipeline\bundles\stockcharts\point_and_figure_scaling_and_timeframes.md
stockcharts	price_channel	C:\trading-copilote\01-pipeline\bundles\stockcharts\price_channel.md
stockcharts	price_channels	C:\trading-copilote\01-pipeline\bundles\stockcharts\price_channels.md
stockcharts	price_relative_relative_strength	C:\trading-copilote\01-pipeline\bundles\stockcharts\price_relative_relative_strength.md
stockcharts	prings_know_sure_thing_kst	C:\trading-copilote\01-pipeline\bundles\stockcharts\prings_know_sure_thing_kst.md
stockcharts	prings_special_k	C:\trading-copilote\01-pipeline\bundles\stockcharts\prings_special_k.md
stockcharts	quadrant_lines	C:\trading-copilote\01-pipeline\bundles\stockcharts\quadrant_lines.md
stockcharts	raff_regression_channel	C:\trading-copilote\01-pipeline\bundles\stockcharts\raff_regression_channel.md
stockcharts	random_walk_vs_non_random_walk	C:\trading-copilote\01-pipeline\bundles\stockcharts\random_walk_vs_non_random_walk.md
stockcharts	rate_of_change_roc	C:\trading-copilote\01-pipeline\bundles\stockcharts\rate_of_change_roc.md
stockcharts	rectangle	C:\trading-copilote\01-pipeline\bundles\stockcharts\rectangle.md
stockcharts	relative_rotation_graphs_rrg_charts	C:\trading-copilote\01-pipeline\bundles\stockcharts\relative_rotation_graphs_rrg_charts.md
stockcharts	relative_volume_rvol	C:\trading-copilote\01-pipeline\bundles\stockcharts\relative_volume_rvol.md
stockcharts	renko_charts	C:\trading-copilote\01-pipeline\bundles\stockcharts\renko_charts.md
stockcharts	richard_rhodes_trading_rules	C:\trading-copilote\01-pipeline\bundles\stockcharts\richard_rhodes_trading_rules.md
stockcharts	rising_wedge	C:\trading-copilote\01-pipeline\bundles\stockcharts\rising_wedge.md
stockcharts	rounding_bottom	C:\trading-copilote\01-pipeline\bundles\stockcharts\rounding_bottom.md
stockcharts	rsi_2	C:\trading-copilote\01-pipeline\bundles\stockcharts\rsi_2.md
stockcharts	s_and_p_gsci_indices	C:\trading-copilote\01-pipeline\bundles\stockcharts\s_and_p_gsci_indices.md
stockcharts	seasonality_charts	C:\trading-copilote\01-pipeline\bundles\stockcharts\seasonality_charts.md
stockcharts	sector_rotation_analysis	C:\trading-copilote\01-pipeline\bundles\stockcharts\sector_rotation_analysis.md
stockcharts	six_month_cycle_macd	C:\trading-copilote\01-pipeline\bundles\stockcharts\six_month_cycle_macd.md
stockcharts	slope	C:\trading-copilote\01-pipeline\bundles\stockcharts\slope.md
stockcharts	speed_resistance_lines	C:\trading-copilote\01-pipeline\bundles\stockcharts\speed_resistance_lines.md
stockcharts	stage_10_re_examine_refine_re_enhance	C:\trading-copilote\01-pipeline\bundles\stockcharts\stage_10_re_examine_refine_re_enhance.md
stockcharts	stage_1_money_management	C:\trading-copilote\01-pipeline\bundles\stockcharts\stage_1_money_management.md
stockcharts	stage_2_business_of_investing	C:\trading-copilote\01-pipeline\bundles\stockcharts\stage_2_business_of_investing.md
stockcharts	stage_3_the_investor_self	C:\trading-copilote\01-pipeline\bundles\stockcharts\stage_3_the_investor_self.md
stockcharts	stage_4_market_analysis	C:\trading-copilote\01-pipeline\bundles\stockcharts\stage_4_market_analysis.md
stockcharts	stage_5_routines	C:\trading-copilote\01-pipeline\bundles\stockcharts\stage_5_routines.md
stockcharts	stage_6_stalking_your_trade	C:\trading-copilote\01-pipeline\bundles\stockcharts\stage_6_stalking_your_trade.md
stockcharts	stage_7_buying	C:\trading-copilote\01-pipeline\bundles\stockcharts\stage_7_buying.md
stockcharts	stage_8_monitoring_your_investments	C:\trading-copilote\01-pipeline\bundles\stockcharts\stage_8_monitoring_your_investments.md
stockcharts	stage_9_selling	C:\trading-copilote\01-pipeline\bundles\stockcharts\stage_9_selling.md
stockcharts	standard_deviation_volatility	C:\trading-copilote\01-pipeline\bundles\stockcharts\standard_deviation_volatility.md
stockcharts	stochastic_oscillator_fast_slow_and_full	C:\trading-copilote\01-pipeline\bundles\stockcharts\stochastic_oscillator_fast_slow_and_full.md
stockcharts	stochastic_pop_and_drop	C:\trading-copilote\01-pipeline\bundles\stockcharts\stochastic_pop_and_drop.md
stockcharts	stochrsi	C:\trading-copilote\01-pipeline\bundles\stockcharts\stochrsi.md
stockcharts	stock_market_cycles	C:\trading-copilote\01-pipeline\bundles\stockcharts\stock_market_cycles.md
stockcharts	support_and_resistance	C:\trading-copilote\01-pipeline\bundles\stockcharts\support_and_resistance.md
stockcharts	swing_charting	C:\trading-copilote\01-pipeline\bundles\stockcharts\swing_charting.md
stockcharts	symmetrical_triangle	C:\trading-copilote\01-pipeline\bundles\stockcharts\symmetrical_triangle.md
stockcharts	ta_101_part_1	C:\trading-copilote\01-pipeline\bundles\stockcharts\ta_101_part_1.md
stockcharts	ta_101_part_10	C:\trading-copilote\01-pipeline\bundles\stockcharts\ta_101_part_10.md
stockcharts	ta_101_part_11	C:\trading-copilote\01-pipeline\bundles\stockcharts\ta_101_part_11.md
stockcharts	ta_101_part_12	C:\trading-copilote\01-pipeline\bundles\stockcharts\ta_101_part_12.md
stockcharts	ta_101_part_13	C:\trading-copilote\01-pipeline\bundles\stockcharts\ta_101_part_13.md
stockcharts	ta_101_part_14	C:\trading-copilote\01-pipeline\bundles\stockcharts\ta_101_part_14.md
stockcharts	ta_101_part_15	C:\trading-copilote\01-pipeline\bundles\stockcharts\ta_101_part_15.md
stockcharts	ta_101_part_16	C:\trading-copilote\01-pipeline\bundles\stockcharts\ta_101_part_16.md
stockcharts	ta_101_part_17	C:\trading-copilote\01-pipeline\bundles\stockcharts\ta_101_part_17.md
stockcharts	ta_101_part_2	C:\trading-copilote\01-pipeline\bundles\stockcharts\ta_101_part_2.md
stockcharts	ta_101_part_3	C:\trading-copilote\01-pipeline\bundles\stockcharts\ta_101_part_3.md
stockcharts	ta_101_part_4	C:\trading-copilote\01-pipeline\bundles\stockcharts\ta_101_part_4.md
stockcharts	ta_101_part_5	C:\trading-copilote\01-pipeline\bundles\stockcharts\ta_101_part_5.md
stockcharts	ta_101_part_6	C:\trading-copilote\01-pipeline\bundles\stockcharts\ta_101_part_6.md
stockcharts	ta_101_part_7	C:\trading-copilote\01-pipeline\bundles\stockcharts\ta_101_part_7.md
stockcharts	ta_101_part_8	C:\trading-copilote\01-pipeline\bundles\stockcharts\ta_101_part_8.md
stockcharts	ta_101_part_9	C:\trading-copilote\01-pipeline\bundles\stockcharts\ta_101_part_9.md
stockcharts	technical_analysis	C:\trading-copilote\01-pipeline\bundles\stockcharts\technical_analysis.md
stockcharts	technical_analysis_101	C:\trading-copilote\01-pipeline\bundles\stockcharts\technical_analysis_101.md
stockcharts	technical_indicators	C:\trading-copilote\01-pipeline\bundles\stockcharts\technical_indicators.md
stockcharts	technical_overlays	C:\trading-copilote\01-pipeline\bundles\stockcharts\technical_overlays.md
stockcharts	the_last_stochastic_technique	C:\trading-copilote\01-pipeline\bundles\stockcharts\the_last_stochastic_technique.md
stockcharts	the_pre_holiday_effect	C:\trading-copilote\01-pipeline\bundles\stockcharts\the_pre_holiday_effect.md
stockcharts	the_traders_journal_by_gatis_roze	C:\trading-copilote\01-pipeline\bundles\stockcharts\the_traders_journal_by_gatis_roze.md
stockcharts	three_line_break_charts	C:\trading-copilote\01-pipeline\bundles\stockcharts\three_line_break_charts.md
stockcharts	trading_strategies	C:\trading-copilote\01-pipeline\bundles\stockcharts\trading_strategies.md
stockcharts	trading_the_death_cross	C:\trading-copilote\01-pipeline\bundles\stockcharts\trading_the_death_cross.md
stockcharts	trading_using_the_golden_cross	C:\trading-copilote\01-pipeline\bundles\stockcharts\trading_using_the_golden_cross.md
stockcharts	trend_lines	C:\trading-copilote\01-pipeline\bundles\stockcharts\trend_lines.md
stockcharts	trend_quantification_and_asset_allocation	C:\trading-copilote\01-pipeline\bundles\stockcharts\trend_quantification_and_asset_allocation.md
stockcharts	triple_bottom_reversal	C:\trading-copilote\01-pipeline\bundles\stockcharts\triple_bottom_reversal.md
stockcharts	triple_exponential_moving_average_tema	C:\trading-copilote\01-pipeline\bundles\stockcharts\triple_exponential_moving_average_tema.md
stockcharts	triple_top_reversal	C:\trading-copilote\01-pipeline\bundles\stockcharts\triple_top_reversal.md
stockcharts	trix	C:\trading-copilote\01-pipeline\bundles\stockcharts\trix.md
stockcharts	true_range	C:\trading-copilote\01-pipeline\bundles\stockcharts\true_range.md
stockcharts	true_strength_index	C:\trading-copilote\01-pipeline\bundles\stockcharts\true_strength_index.md
stockcharts	ttm_squeeze	C:\trading-copilote\01-pipeline\bundles\stockcharts\ttm_squeeze.md
stockcharts	ulcer_index	C:\trading-copilote\01-pipeline\bundles\stockcharts\ulcer_index.md
stockcharts	ultimate_oscillator	C:\trading-copilote\01-pipeline\bundles\stockcharts\ultimate_oscillator.md
stockcharts	us_treasury_yields	C:\trading-copilote\01-pipeline\bundles\stockcharts\us_treasury_yields.md
stockcharts	using_the_5_8_13_ema_crossover_for_short_term_trades	C:\trading-copilote\01-pipeline\bundles\stockcharts\using_the_5_8_13_ema_crossover_for_short_term_trades.md
stockcharts	vortex_indicator	C:\trading-copilote\01-pipeline\bundles\stockcharts\vortex_indicator.md
stockcharts	what_are_charts	C:\trading-copilote\01-pipeline\bundles\stockcharts\what_are_charts.md
stockcharts	why_and_how_to_use_correlation	C:\trading-copilote\01-pipeline\bundles\stockcharts\why_and_how_to_use_correlation.md
stockcharts	williams_r	C:\trading-copilote\01-pipeline\bundles\stockcharts\williams_r.md
stockcharts	wyckoff_analysis_articles	C:\trading-copilote\01-pipeline\bundles\stockcharts\wyckoff_analysis_articles.md
stockcharts	wyckoff_market_analysis	C:\trading-copilote\01-pipeline\bundles\stockcharts\wyckoff_market_analysis.md
stockcharts	wyckoff_stock_analysis	C:\trading-copilote\01-pipeline\bundles\stockcharts\wyckoff_stock_analysis.md
stockcharts	yield_curve	C:\trading-copilote\01-pipeline\bundles\stockcharts\yield_curve.md
stockcharts	zigzag	C:\trading-copilote\01-pipeline\bundles\stockcharts\zigzag.md
adamgrimes	200_day_moving_average_work	C:\trading-copilote\01-pipeline\bundles\adamgrimes\200_day_moving_average_work.md
adamgrimes	a_new_look_at_measuring_trend_days	C:\trading-copilote\01-pipeline\bundles\adamgrimes\a_new_look_at_measuring_trend_days.md
adamgrimes	a_new_tool_to_measure_trend_strength_the_grimes_efficiency_r	C:\trading-copilote\01-pipeline\bundles\adamgrimes\a_new_tool_to_measure_trend_strength_the_grimes_efficiency_r.md
adamgrimes	a_roadmap_for_the_trading_day	C:\trading-copilote\01-pipeline\bundles\adamgrimes\a_roadmap_for_the_trading_day.md
adamgrimes	adding_to_positions_a_simple_rule	C:\trading-copilote\01-pipeline\bundles\adamgrimes\adding_to_positions_a_simple_rule.md
adamgrimes	an_easy_way_to_avoid_some_losses	C:\trading-copilote\01-pipeline\bundles\adamgrimes\an_easy_way_to_avoid_some_losses.md
adamgrimes	anatomy_of_a_trade_nested_pullback_in_anr	C:\trading-copilote\01-pipeline\bundles\adamgrimes\anatomy_of_a_trade_nested_pullback_in_anr.md
adamgrimes	are_you_losing_position_size_matters	C:\trading-copilote\01-pipeline\bundles\adamgrimes\are_you_losing_position_size_matters.md
adamgrimes	bad_statistics_lead_bad_decisions	C:\trading-copilote\01-pipeline\bundles\adamgrimes\bad_statistics_lead_bad_decisions.md
adamgrimes	basic_backtesting_in_excel_conditions_logic_and_stats	C:\trading-copilote\01-pipeline\bundles\adamgrimes\basic_backtesting_in_excel_conditions_logic_and_stats.md
adamgrimes	basic_backtesting_in_excel_getting_data	C:\trading-copilote\01-pipeline\bundles\adamgrimes\basic_backtesting_in_excel_getting_data.md
adamgrimes	basic_backtesting_in_excel_graphs_and_first_calculations	C:\trading-copilote\01-pipeline\bundles\adamgrimes\basic_backtesting_in_excel_graphs_and_first_calculations.md
adamgrimes	basic_backtesting_in_excel_how_to_keep_learning	C:\trading-copilote\01-pipeline\bundles\adamgrimes\basic_backtesting_in_excel_how_to_keep_learning.md
adamgrimes	basic_backtesting_in_excel_introduction	C:\trading-copilote\01-pipeline\bundles\adamgrimes\basic_backtesting_in_excel_introduction.md
adamgrimes	basic_backtesting_in_excel_issues_with_data	C:\trading-copilote\01-pipeline\bundles\adamgrimes\basic_backtesting_in_excel_issues_with_data.md
adamgrimes	basic_backtesting_in_excel_more_data	C:\trading-copilote\01-pipeline\bundles\adamgrimes\basic_backtesting_in_excel_more_data.md
adamgrimes	basic_backtesting_in_excel_statistical_tests	C:\trading-copilote\01-pipeline\bundles\adamgrimes\basic_backtesting_in_excel_statistical_tests.md
adamgrimes	big_problem_seasonality	C:\trading-copilote\01-pipeline\bundles\adamgrimes\big_problem_seasonality.md
adamgrimes	breakouts_and_breakout_failures_real_world_trading	C:\trading-copilote\01-pipeline\bundles\adamgrimes\breakouts_and_breakout_failures_real_world_trading.md
adamgrimes	careful_with_correlations	C:\trading-copilote\01-pipeline\bundles\adamgrimes\careful_with_correlations.md
adamgrimes	catching_the_wave_ideas_for_finding_trend_days	C:\trading-copilote\01-pipeline\bundles\adamgrimes\catching_the_wave_ideas_for_finding_trend_days.md
adamgrimes	chart_day_failure_test_short_entry_facebook	C:\trading-copilote\01-pipeline\bundles\adamgrimes\chart_day_failure_test_short_entry_facebook.md
adamgrimes	chart_of_the_day_failure_test_in_aapl	C:\trading-copilote\01-pipeline\bundles\adamgrimes\chart_of_the_day_failure_test_in_aapl.md
adamgrimes	chart_of_the_day_failure_test_in_aapl_2	C:\trading-copilote\01-pipeline\bundles\adamgrimes\chart_of_the_day_failure_test_in_aapl_2.md
adamgrimes	chart_of_the_day_managing_the_failure_test_in_aapl	C:\trading-copilote\01-pipeline\bundles\adamgrimes\chart_of_the_day_managing_the_failure_test_in_aapl.md
adamgrimes	chart_of_the_day_nested_pullback_in_crude_oil	C:\trading-copilote\01-pipeline\bundles\adamgrimes\chart_of_the_day_nested_pullback_in_crude_oil.md
adamgrimes	chart_of_the_day_potential_failure_test_in_beans	C:\trading-copilote\01-pipeline\bundles\adamgrimes\chart_of_the_day_potential_failure_test_in_beans.md
adamgrimes	chartschool_trading_the_anti	C:\trading-copilote\01-pipeline\bundles\adamgrimes\chartschool_trading_the_anti.md
adamgrimes	choosing_best_pullbacks	C:\trading-copilote\01-pipeline\bundles\adamgrimes\choosing_best_pullbacks.md
adamgrimes	come_and_study_support_and_resistance_trades_with_us_this_we	C:\trading-copilote\01-pipeline\bundles\adamgrimes\come_and_study_support_and_resistance_trades_with_us_this_we.md
adamgrimes	common_sense_checks_quantitative_data	C:\trading-copilote\01-pipeline\bundles\adamgrimes\common_sense_checks_quantitative_data.md
adamgrimes	correlated_risk_or_opportunity	C:\trading-copilote\01-pipeline\bundles\adamgrimes\correlated_risk_or_opportunity.md
adamgrimes	cutting_losses_quickly_properly	C:\trading-copilote\01-pipeline\bundles\adamgrimes\cutting_losses_quickly_properly.md
adamgrimes	death_cross_omen_noise	C:\trading-copilote\01-pipeline\bundles\adamgrimes\death_cross_omen_noise.md
adamgrimes	defend_bad_statistics	C:\trading-copilote\01-pipeline\bundles\adamgrimes\defend_bad_statistics.md
adamgrimes	draw_trend_lines	C:\trading-copilote\01-pipeline\bundles\adamgrimes\draw_trend_lines.md
adamgrimes	failure_test_2	C:\trading-copilote\01-pipeline\bundles\adamgrimes\failure_test_2.md
adamgrimes	failure_test_followthrough_in_the_eur	C:\trading-copilote\01-pipeline\bundles\adamgrimes\failure_test_followthrough_in_the_eur.md
adamgrimes	fibonacci_conclusions_22	C:\trading-copilote\01-pipeline\bundles\adamgrimes\fibonacci_conclusions_22.md
adamgrimes	fibonacci_thinking_deeper	C:\trading-copilote\01-pipeline\bundles\adamgrimes\fibonacci_thinking_deeper.md
adamgrimes	finding_trend_days_in_index_futures	C:\trading-copilote\01-pipeline\bundles\adamgrimes\finding_trend_days_in_index_futures.md
adamgrimes	first_principles_of_technical_analysis_1	C:\trading-copilote\01-pipeline\bundles\adamgrimes\first_principles_of_technical_analysis_1.md
adamgrimes	first_principles_of_technical_analysis_2	C:\trading-copilote\01-pipeline\bundles\adamgrimes\first_principles_of_technical_analysis_2.md
adamgrimes	first_principles_of_technical_analysis_3	C:\trading-copilote\01-pipeline\bundles\adamgrimes\first_principles_of_technical_analysis_3.md
adamgrimes	forecasting_volatility	C:\trading-copilote\01-pipeline\bundles\adamgrimes\forecasting_volatility.md
adamgrimes	four_reasons_trade_spreads	C:\trading-copilote\01-pipeline\bundles\adamgrimes\four_reasons_trade_spreads.md
adamgrimes	free_bars_little_patterns_after_big_moves	C:\trading-copilote\01-pipeline\bundles\adamgrimes\free_bars_little_patterns_after_big_moves.md
adamgrimes	from_noise_to_signal_building_the_rvol_relative_volume_measu	C:\trading-copilote\01-pipeline\bundles\adamgrimes\from_noise_to_signal_building_the_rvol_relative_volume_measu.md
adamgrimes	gap_and_go_or_gap_and_crap	C:\trading-copilote\01-pipeline\bundles\adamgrimes\gap_and_go_or_gap_and_crap.md
adamgrimes	how_do_you_calculate_volatility_in_excel	C:\trading-copilote\01-pipeline\bundles\adamgrimes\how_do_you_calculate_volatility_in_excel.md
adamgrimes	how_do_you_know_if_you_have_a_trading_edge	C:\trading-copilote\01-pipeline\bundles\adamgrimes\how_do_you_know_if_you_have_a_trading_edge.md
adamgrimes	how_to_calculate_futures_rolls	C:\trading-copilote\01-pipeline\bundles\adamgrimes\how_to_calculate_futures_rolls.md
adamgrimes	how_to_calculate_sigmaspikes	C:\trading-copilote\01-pipeline\bundles\adamgrimes\how_to_calculate_sigmaspikes.md
adamgrimes	how_to_learn_about_indicators	C:\trading-copilote\01-pipeline\bundles\adamgrimes\how_to_learn_about_indicators.md
adamgrimes	how_to_trade_support_and_resistance_levels	C:\trading-copilote\01-pipeline\bundles\adamgrimes\how_to_trade_support_and_resistance_levels.md
adamgrimes	important_question_riskreward	C:\trading-copilote\01-pipeline\bundles\adamgrimes\important_question_riskreward.md
adamgrimes	intraday_tendencies_sp_futures	C:\trading-copilote\01-pipeline\bundles\adamgrimes\intraday_tendencies_sp_futures.md
adamgrimes	is_santa_real_monthly_seasonality_in_the_djia	C:\trading-copilote\01-pipeline\bundles\adamgrimes\is_santa_real_monthly_seasonality_in_the_djia.md
adamgrimes	know_your_risk	C:\trading-copilote\01-pipeline\bundles\adamgrimes\know_your_risk.md
adamgrimes	knowing_the_future_with_market_stats	C:\trading-copilote\01-pipeline\bundles\adamgrimes\knowing_the_future_with_market_stats.md
adamgrimes	lessons_on_risk_short_volatility	C:\trading-copilote\01-pipeline\bundles\adamgrimes\lessons_on_risk_short_volatility.md
adamgrimes	lets_talk_turkey_thanksgiving_seasonality_in_stocks	C:\trading-copilote\01-pipeline\bundles\adamgrimes\lets_talk_turkey_thanksgiving_seasonality_in_stocks.md
adamgrimes	managing_gap_openings	C:\trading-copilote\01-pipeline\bundles\adamgrimes\managing_gap_openings.md
adamgrimes	market_stats	C:\trading-copilote\01-pipeline\bundles\adamgrimes\market_stats.md
adamgrimes	market_stress_index_introducing_the_msi	C:\trading-copilote\01-pipeline\bundles\adamgrimes\market_stress_index_introducing_the_msi.md
adamgrimes	moving_averages_digging_deeper	C:\trading-copilote\01-pipeline\bundles\adamgrimes\moving_averages_digging_deeper.md
adamgrimes	nested_pullback	C:\trading-copilote\01-pipeline\bundles\adamgrimes\nested_pullback.md
adamgrimes	nr7_an_old_friend	C:\trading-copilote\01-pipeline\bundles\adamgrimes\nr7_an_old_friend.md
adamgrimes	putting_momentum_work	C:\trading-copilote\01-pipeline\bundles\adamgrimes\putting_momentum_work.md
adamgrimes	quant_101	C:\trading-copilote\01-pipeline\bundles\adamgrimes\quant_101.md
adamgrimes	ranges_and_measured_moves	C:\trading-copilote\01-pipeline\bundles\adamgrimes\ranges_and_measured_moves.md
adamgrimes	reader_question_gaps_and_context	C:\trading-copilote\01-pipeline\bundles\adamgrimes\reader_question_gaps_and_context.md
adamgrimes	reader_question_how_do_i_measure_liquidity	C:\trading-copilote\01-pipeline\bundles\adamgrimes\reader_question_how_do_i_measure_liquidity.md
adamgrimes	reader_question_how_to_backtest	C:\trading-copilote\01-pipeline\bundles\adamgrimes\reader_question_how_to_backtest.md
adamgrimes	reader_question_is_vwap_useful	C:\trading-copilote\01-pipeline\bundles\adamgrimes\reader_question_is_vwap_useful.md
adamgrimes	reader_question_volume	C:\trading-copilote\01-pipeline\bundles\adamgrimes\reader_question_volume.md
adamgrimes	reader_question_what_is_momentum	C:\trading-copilote\01-pipeline\bundles\adamgrimes\reader_question_what_is_momentum.md
adamgrimes	revisiting_streaks	C:\trading-copilote\01-pipeline\bundles\adamgrimes\revisiting_streaks.md
adamgrimes	seasonality_ask_right_question	C:\trading-copilote\01-pipeline\bundles\adamgrimes\seasonality_ask_right_question.md
adamgrimes	showing_relative_performance_simple_price_charts	C:\trading-copilote\01-pipeline\bundles\adamgrimes\showing_relative_performance_simple_price_charts.md
adamgrimes	six_keys_to_effective_risk_management	C:\trading-copilote\01-pipeline\bundles\adamgrimes\six_keys_to_effective_risk_management.md
adamgrimes	slide_along_the_bands_a_trend_pattern_you_should_know	C:\trading-copilote\01-pipeline\bundles\adamgrimes\slide_along_the_bands_a_trend_pattern_you_should_know.md
adamgrimes	slip_and_slide_along_the_bands	C:\trading-copilote\01-pipeline\bundles\adamgrimes\slip_and_slide_along_the_bands.md
adamgrimes	slippage_yes_please	C:\trading-copilote\01-pipeline\bundles\adamgrimes\slippage_yes_please.md
adamgrimes	sp_500_futures_activity_by_time_of_day	C:\trading-copilote\01-pipeline\bundles\adamgrimes\sp_500_futures_activity_by_time_of_day.md
adamgrimes	spikes_in_the_vix	C:\trading-copilote\01-pipeline\bundles\adamgrimes\spikes_in_the_vix.md
adamgrimes	support_and_resistance_right_now	C:\trading-copilote\01-pipeline\bundles\adamgrimes\support_and_resistance_right_now.md
adamgrimes	surfing_the_market_waves_the_nested_pullback	C:\trading-copilote\01-pipeline\bundles\adamgrimes\surfing_the_market_waves_the_nested_pullback.md
adamgrimes	technical_analysis_thinking_in_categories	C:\trading-copilote\01-pipeline\bundles\adamgrimes\technical_analysis_thinking_in_categories.md
adamgrimes	technicals_everyone_overbought_oversold	C:\trading-copilote\01-pipeline\bundles\adamgrimes\technicals_everyone_overbought_oversold.md
adamgrimes	testing_fibonaccis_12	C:\trading-copilote\01-pipeline\bundles\adamgrimes\testing_fibonaccis_12.md
adamgrimes	the_anti_a_trading_lesson_from_roku	C:\trading-copilote\01-pipeline\bundles\adamgrimes\the_anti_a_trading_lesson_from_roku.md
adamgrimes	the_importance_of_reading_inside_the_bars	C:\trading-copilote\01-pipeline\bundles\adamgrimes\the_importance_of_reading_inside_the_bars.md
adamgrimes	the_law_of_small_numbers_a_mistake_youre_probably_making	C:\trading-copilote\01-pipeline\bundles\adamgrimes\the_law_of_small_numbers_a_mistake_youre_probably_making.md
adamgrimes	the_power_of_an_inside_bar	C:\trading-copilote\01-pipeline\bundles\adamgrimes\the_power_of_an_inside_bar.md
adamgrimes	the_trend_is_your_friend_except_at_the_end	C:\trading-copilote\01-pipeline\bundles\adamgrimes\the_trend_is_your_friend_except_at_the_end.md
adamgrimes	the_two_forces	C:\trading-copilote\01-pipeline\bundles\adamgrimes\the_two_forces.md
adamgrimes	the_volatility_game	C:\trading-copilote\01-pipeline\bundles\adamgrimes\the_volatility_game.md
adamgrimes	this_is_how_breakouts_work_lessons_from_the_sp_500	C:\trading-copilote\01-pipeline\bundles\adamgrimes\this_is_how_breakouts_work_lessons_from_the_sp_500.md
adamgrimes	this_is_what_manipulation_looks_like	C:\trading-copilote\01-pipeline\bundles\adamgrimes\this_is_what_manipulation_looks_like.md
adamgrimes	tis_the_season_or_is_it_a_deeper_look_at_seasonality_in_stoc	C:\trading-copilote\01-pipeline\bundles\adamgrimes\tis_the_season_or_is_it_a_deeper_look_at_seasonality_in_stoc.md
adamgrimes	toward_a_simple_model_of_price_behavior	C:\trading-copilote\01-pipeline\bundles\adamgrimes\toward_a_simple_model_of_price_behavior.md
adamgrimes	trade_complex_consolidations	C:\trading-copilote\01-pipeline\bundles\adamgrimes\trade_complex_consolidations.md
adamgrimes	trade_exits	C:\trading-copilote\01-pipeline\bundles\adamgrimes\trade_exits.md
adamgrimes	trade_pullbacks	C:\trading-copilote\01-pipeline\bundles\adamgrimes\trade_pullbacks.md
adamgrimes	trading_edge_is_you	C:\trading-copilote\01-pipeline\bundles\adamgrimes\trading_edge_is_you.md
adamgrimes	trailing_stops_9_ideas_you_can_use_today	C:\trading-copilote\01-pipeline\bundles\adamgrimes\trailing_stops_9_ideas_you_can_use_today.md
adamgrimes	trend_following_futures	C:\trading-copilote\01-pipeline\bundles\adamgrimes\trend_following_futures.md
adamgrimes	trend_indicator_helping_hurting	C:\trading-copilote\01-pipeline\bundles\adamgrimes\trend_indicator_helping_hurting.md
adamgrimes	trend_indicator_video_blog	C:\trading-copilote\01-pipeline\bundles\adamgrimes\trend_indicator_video_blog.md
adamgrimes	trendlines_101	C:\trading-copilote\01-pipeline\bundles\adamgrimes\trendlines_101.md
adamgrimes	two_modes_of_market_behavior_12	C:\trading-copilote\01-pipeline\bundles\adamgrimes\two_modes_of_market_behavior_12.md
adamgrimes	understanding_returns	C:\trading-copilote\01-pipeline\bundles\adamgrimes\understanding_returns.md
adamgrimes	using_highs_and_lows	C:\trading-copilote\01-pipeline\bundles\adamgrimes\using_highs_and_lows.md
adamgrimes	using_spread_charts	C:\trading-copilote\01-pipeline\bundles\adamgrimes\using_spread_charts.md
adamgrimes	using_statistics_to_map_the_trading_day	C:\trading-copilote\01-pipeline\bundles\adamgrimes\using_statistics_to_map_the_trading_day.md
adamgrimes	video_blog_using_the_daily_market_stats	C:\trading-copilote\01-pipeline\bundles\adamgrimes\video_blog_using_the_daily_market_stats.md
adamgrimes	volatility_clustering	C:\trading-copilote\01-pipeline\bundles\adamgrimes\volatility_clustering.md
adamgrimes	volatility_compression	C:\trading-copilote\01-pipeline\bundles\adamgrimes\volatility_compression.md
adamgrimes	volatility_compression_2	C:\trading-copilote\01-pipeline\bundles\adamgrimes\volatility_compression_2.md
adamgrimes	what_are_the_odds_what_market_stats_can_and_cant_tell_us	C:\trading-copilote\01-pipeline\bundles\adamgrimes\what_are_the_odds_what_market_stats_can_and_cant_tell_us.md
adamgrimes	what_happens_after_big_spikes_in_the_vix	C:\trading-copilote\01-pipeline\bundles\adamgrimes\what_happens_after_big_spikes_in_the_vix.md
adamgrimes	what_we_learned_about_price_levels	C:\trading-copilote\01-pipeline\bundles\adamgrimes\what_we_learned_about_price_levels.md
adamgrimes	whats_wrong_fibonacci	C:\trading-copilote\01-pipeline\bundles\adamgrimes\whats_wrong_fibonacci.md
adamgrimes	when_good_setups_go_bad	C:\trading-copilote\01-pipeline\bundles\adamgrimes\when_good_setups_go_bad.md
adamgrimes	when_percents_fail	C:\trading-copilote\01-pipeline\bundles\adamgrimes\when_percents_fail.md
adamgrimes	you_get_paid_to_hold_overnight	C:\trading-copilote\01-pipeline\bundles\adamgrimes\you_get_paid_to_hold_overnight.md
ninjatrader	5_key_indicators_for_day_trading_futures	C:\trading-copilote\01-pipeline\bundles\ninjatrader\5_key_indicators_for_day_trading_futures.md
ninjatrader	analyze_volume_in_futures_markets	C:\trading-copilote\01-pipeline\bundles\ninjatrader\analyze_volume_in_futures_markets.md
ninjatrader	best_futures_trading_indicators	C:\trading-copilote\01-pipeline\bundles\ninjatrader\best_futures_trading_indicators.md
ninjatrader	building_a_trading_strategy	C:\trading-copilote\01-pipeline\bundles\ninjatrader\building_a_trading_strategy.md
ninjatrader	chart_patterns_trading	C:\trading-copilote\01-pipeline\bundles\ninjatrader\chart_patterns_trading.md
ninjatrader	common_mistakes_when_using_rsi_indicators_in_futures	C:\trading-copilote\01-pipeline\bundles\ninjatrader\common_mistakes_when_using_rsi_indicators_in_futures.md
ninjatrader	footprint_charts_guide	C:\trading-copilote\01-pipeline\bundles\ninjatrader\footprint_charts_guide.md
ninjatrader	futures_trading_risk_management_margin_leverage_stops_position_sizing	C:\trading-copilote\01-pipeline\bundles\ninjatrader\futures_trading_risk_management_margin_leverage_stops_position_sizing.md
ninjatrader	futures_trading_strategies_ranked_difficulty	C:\trading-copilote\01-pipeline\bundles\ninjatrader\futures_trading_strategies_ranked_difficulty.md
ninjatrader	how_to_identify_entry_zones_with_volume_analysis_trading_guide	C:\trading-copilote\01-pipeline\bundles\ninjatrader\how_to_identify_entry_zones_with_volume_analysis_trading_guide.md
ninjatrader	how_to_identify_intraday_support_and_resistance_levels_in_your_trading	C:\trading-copilote\01-pipeline\bundles\ninjatrader\how_to_identify_intraday_support_and_resistance_levels_in_your_trading.md
ninjatrader	how_to_read_a_futures_trading_chart	C:\trading-copilote\01-pipeline\bundles\ninjatrader\how_to_read_a_futures_trading_chart.md
ninjatrader	how_to_trade_liquidity_traps_in_futures	C:\trading-copilote\01-pipeline\bundles\ninjatrader\how_to_trade_liquidity_traps_in_futures.md
ninjatrader	how_to_trade_with_volume_profile_part_1	C:\trading-copilote\01-pipeline\bundles\ninjatrader\how_to_trade_with_volume_profile_part_1.md
ninjatrader	how_to_use_automated_trade_management_strategies_on_ninjatrader	C:\trading-copilote\01-pipeline\bundles\ninjatrader\how_to_use_automated_trade_management_strategies_on_ninjatrader.md
ninjatrader	how_to_use_the_superdom_price_ladder_for_order_entry	C:\trading-copilote\01-pipeline\bundles\ninjatrader\how_to_use_the_superdom_price_ladder_for_order_entry.md
ninjatrader	identify_chart_patterns_on_futures_trading_charts	C:\trading-copilote\01-pipeline\bundles\ninjatrader\identify_chart_patterns_on_futures_trading_charts.md
ninjatrader	identifying_trends_in_futures_markets	C:\trading-copilote\01-pipeline\bundles\ninjatrader\identifying_trends_in_futures_markets.md
ninjatrader	intro_to_the_ninjatrader_desktop_superdom	C:\trading-copilote\01-pipeline\bundles\ninjatrader\intro_to_the_ninjatrader_desktop_superdom.md
ninjatrader	mastering_risk_management_in_futures_trading	C:\trading-copilote\01-pipeline\bundles\ninjatrader\mastering_risk_management_in_futures_trading.md
ninjatrader	momentum_as_indicator_in_futures_trading	C:\trading-copilote\01-pipeline\bundles\ninjatrader\momentum_as_indicator_in_futures_trading.md
ninjatrader	ninjascript_best_practices	C:\trading-copilote\01-pipeline\bundles\ninjatrader\ninjascript_best_practices.md
ninjatrader	ninjatrader_order_flow	C:\trading-copilote\01-pipeline\bundles\ninjatrader\ninjatrader_order_flow.md
ninjatrader	order_flow_trading_with_volumetric_bars	C:\trading-copilote\01-pipeline\bundles\ninjatrader\order_flow_trading_with_volumetric_bars.md
ninjatrader	price_action_trading_strategies	C:\trading-copilote\01-pipeline\bundles\ninjatrader\price_action_trading_strategies.md
ninjatrader	risk_management	C:\trading-copilote\01-pipeline\bundles\ninjatrader\risk_management.md
ninjatrader	stop_loss_strategies	C:\trading-copilote\01-pipeline\bundles\ninjatrader\stop_loss_strategies.md
ninjatrader	supply_demand_zones_futures	C:\trading-copilote\01-pipeline\bundles\ninjatrader\supply_demand_zones_futures.md
ninjatrader	track_buying_selling_pressure_with_order_flow_cumulative_delta	C:\trading-copilote\01-pipeline\bundles\ninjatrader\track_buying_selling_pressure_with_order_flow_cumulative_delta.md
ninjatrader	trade_trend_reversals_futures	C:\trading-copilote\01-pipeline\bundles\ninjatrader\trade_trend_reversals_futures.md
ninjatrader	use_volatility_as_indicator_in_futures_trading	C:\trading-copilote\01-pipeline\bundles\ninjatrader\use_volatility_as_indicator_in_futures_trading.md
ninjatrader	use_volume_profile_to_track_order_flow_on_charts	C:\trading-copilote\01-pipeline\bundles\ninjatrader\use_volume_profile_to_track_order_flow_on_charts.md
ninjatrader	volume_analysis_in_futures_trading	C:\trading-copilote\01-pipeline\bundles\ninjatrader\volume_analysis_in_futures_trading.md
ninjatrader	volume_spread_analysis_and_fomo_of_strong_directional_moves	C:\trading-copilote\01-pipeline\bundles\ninjatrader\volume_spread_analysis_and_fomo_of_strong_directional_moves.md
ninjatrader	z_score_futures_trading_strategy	C:\trading-copilote\01-pipeline\bundles\ninjatrader\z_score_futures_trading_strategy.md
optimusfutures	average_true_range_indicator	C:\trading-copilote\01-pipeline\bundles\optimusfutures\average_true_range_indicator.md
optimusfutures	backtesting_trading_strategies_in_futures_markets	C:\trading-copilote\01-pipeline\bundles\optimusfutures\backtesting_trading_strategies_in_futures_markets.md
optimusfutures	best_indicators_for_day_trading_futures	C:\trading-copilote\01-pipeline\bundles\optimusfutures\best_indicators_for_day_trading_futures.md
optimusfutures	best_order_flow_indicators	C:\trading-copilote\01-pipeline\bundles\optimusfutures\best_order_flow_indicators.md
optimusfutures	best_tradingview_indicators	C:\trading-copilote\01-pipeline\bundles\optimusfutures\best_tradingview_indicators.md
optimusfutures	breakout_trading	C:\trading-copilote\01-pipeline\bundles\optimusfutures\breakout_trading.md
optimusfutures	day_trading_chart_patterns	C:\trading-copilote\01-pipeline\bundles\optimusfutures\day_trading_chart_patterns.md
optimusfutures	day_trading_risk_management	C:\trading-copilote\01-pipeline\bundles\optimusfutures\day_trading_risk_management.md
optimusfutures	end_of_day_trading_strategies	C:\trading-copilote\01-pipeline\bundles\optimusfutures\end_of_day_trading_strategies.md
optimusfutures	futures_trading_scalping_strategy	C:\trading-copilote\01-pipeline\bundles\optimusfutures\futures_trading_scalping_strategy.md
optimusfutures	gap_trading_strategies	C:\trading-copilote\01-pipeline\bundles\optimusfutures\gap_trading_strategies.md
optimusfutures	how_to_backtest_on_tradingview	C:\trading-copilote\01-pipeline\bundles\optimusfutures\how_to_backtest_on_tradingview.md
optimusfutures	how_to_read_stock_market_futures	C:\trading-copilote\01-pipeline\bundles\optimusfutures\how_to_read_stock_market_futures.md
optimusfutures	how_to_set_up_your_trading_charts_for_order_flow_trading	C:\trading-copilote\01-pipeline\bundles\optimusfutures\how_to_set_up_your_trading_charts_for_order_flow_trading.md
optimusfutures	how_to_trade_fair_value_gaps	C:\trading-copilote\01-pipeline\bundles\optimusfutures\how_to_trade_fair_value_gaps.md
optimusfutures	index_futures_trading	C:\trading-copilote\01-pipeline\bundles\optimusfutures\index_futures_trading.md
optimusfutures	mean_reversion_trading	C:\trading-copilote\01-pipeline\bundles\optimusfutures\mean_reversion_trading.md
optimusfutures	order_flow_analysis	C:\trading-copilote\01-pipeline\bundles\optimusfutures\order_flow_analysis.md
optimusfutures	order_flow_imbalance	C:\trading-copilote\01-pipeline\bundles\optimusfutures\order_flow_imbalance.md
optimusfutures	order_flow_in_tradingview	C:\trading-copilote\01-pipeline\bundles\optimusfutures\order_flow_in_tradingview.md
optimusfutures	order_flow_software	C:\trading-copilote\01-pipeline\bundles\optimusfutures\order_flow_software.md
optimusfutures	order_flow_trading	C:\trading-copilote\01-pipeline\bundles\optimusfutures\order_flow_trading.md
optimusfutures	stop_loss_orders_in_futures_trading	C:\trading-copilote\01-pipeline\bundles\optimusfutures\stop_loss_orders_in_futures_trading.md
optimusfutures	support_and_resistance_trading_guide	C:\trading-copilote\01-pipeline\bundles\optimusfutures\support_and_resistance_trading_guide.md
optimusfutures	technical_analysis_with_order_flow	C:\trading-copilote\01-pipeline\bundles\optimusfutures\technical_analysis_with_order_flow.md
optimusfutures	tpo_charts_explained_for_beginners_market_profile_guide	C:\trading-copilote\01-pipeline\bundles\optimusfutures\tpo_charts_explained_for_beginners_market_profile_guide.md
optimusfutures	tradingview_tick_charts	C:\trading-copilote\01-pipeline\bundles\optimusfutures\tradingview_tick_charts.md
optimusfutures	vix_futures_guide	C:\trading-copilote\01-pipeline\bundles\optimusfutures\vix_futures_guide.md
optimusfutures	volume_and_open_interest	C:\trading-copilote\01-pipeline\bundles\optimusfutures\volume_and_open_interest.md
optimusfutures	volume_profile_trading	C:\trading-copilote\01-pipeline\bundles\optimusfutures\volume_profile_trading.md
optimusfutures	what_es_futures_tell_you_before_market_opens	C:\trading-copilote\01-pipeline\bundles\optimusfutures\what_es_futures_tell_you_before_market_opens.md
sierrachart	hub_studies_reference	C:\trading-copilote\01-pipeline\bundles\sierrachart\hub_studies_reference.md
sierrachart	sierra_108_vwap_std_dev	C:\trading-copilote\01-pipeline\bundles\sierrachart\sierra_108_vwap_std_dev.md
sierrachart	sierra_135_bollinger_bandwidth	C:\trading-copilote\01-pipeline\bundles\sierrachart\sierra_135_bollinger_bandwidth.md
sierrachart	sierra_13_adx	C:\trading-copilote\01-pipeline\bundles\sierrachart\sierra_13_adx.md
sierrachart	sierra_14_bollinger_bands	C:\trading-copilote\01-pipeline\bundles\sierrachart\sierra_14_bollinger_bands.md
sierrachart	sierra_158_tpo_value_area_lines	C:\trading-copilote\01-pipeline\bundles\sierrachart\sierra_158_tpo_value_area_lines.md
sierrachart	sierra_16_adxr	C:\trading-copilote\01-pipeline\bundles\sierrachart\sierra_16_adxr.md
sierrachart	sierra_180_stochrsi	C:\trading-copilote\01-pipeline\bundles\sierrachart\sierra_180_stochrsi.md
sierrachart	sierra_188_chande_momentum	C:\trading-copilote\01-pipeline\bundles\sierrachart\sierra_188_chande_momentum.md
sierrachart	sierra_197_dmi	C:\trading-copilote\01-pipeline\bundles\sierrachart\sierra_197_dmi.md
sierrachart	sierra_19_atr	C:\trading-copilote\01-pipeline\bundles\sierrachart\sierra_19_atr.md
sierrachart	sierra_209_volume_value_area_lines	C:\trading-copilote\01-pipeline\bundles\sierrachart\sierra_209_volume_value_area_lines.md
sierrachart	sierra_221_bollinger_squeeze	C:\trading-copilote\01-pipeline\bundles\sierrachart\sierra_221_bollinger_squeeze.md
sierrachart	sierra_248_volume_weighted_macd	C:\trading-copilote\01-pipeline\bundles\sierrachart\sierra_248_volume_weighted_macd.md
sierrachart	sierra_255_rmi	C:\trading-copilote\01-pipeline\bundles\sierrachart\sierra_255_rmi.md
sierrachart	sierra_296_cumulative_delta_trades	C:\trading-copilote\01-pipeline\bundles\sierrachart\sierra_296_cumulative_delta_trades.md
sierrachart	sierra_323_cumulative_delta_tick	C:\trading-copilote\01-pipeline\bundles\sierrachart\sierra_323_cumulative_delta_tick.md
sierrachart	sierra_32_macd	C:\trading-copilote\01-pipeline\bundles\sierrachart\sierra_32_macd.md
sierrachart	sierra_352_vwap_rolling_std_dev	C:\trading-copilote\01-pipeline\bundles\sierrachart\sierra_352_vwap_rolling_std_dev.md
sierrachart	sierra_35_momentum	C:\trading-copilote\01-pipeline\bundles\sierrachart\sierra_35_momentum.md
sierrachart	sierra_368_numbers_bars_avg_vol_per_price	C:\trading-copilote\01-pipeline\bundles\sierrachart\sierra_368_numbers_bars_avg_vol_per_price.md
sierrachart	sierra_38_rsi	C:\trading-copilote\01-pipeline\bundles\sierrachart\sierra_38_rsi.md
sierrachart	sierra_408_point_figure_box_count	C:\trading-copilote\01-pipeline\bundles\sierrachart\sierra_408_point_figure_box_count.md
sierrachart	sierra_428_normalized_atr	C:\trading-copilote\01-pipeline\bundles\sierrachart\sierra_428_normalized_atr.md
sierrachart	sierra_435_pmo	C:\trading-copilote\01-pipeline\bundles\sierrachart\sierra_435_pmo.md
sierrachart	sierra_444_bar_delta_below_bar	C:\trading-copilote\01-pipeline\bundles\sierrachart\sierra_444_bar_delta_below_bar.md
sierrachart	sierra_471_volume_va_for_bars	C:\trading-copilote\01-pipeline\bundles\sierrachart\sierra_471_volume_va_for_bars.md
sierrachart	sierra_500_laguerre_rsi	C:\trading-copilote\01-pipeline\bundles\sierrachart\sierra_500_laguerre_rsi.md
sierrachart	sierra_504_connors_rsi	C:\trading-copilote\01-pipeline\bundles\sierrachart\sierra_504_connors_rsi.md
sierrachart	sierra_62_momentum_trend	C:\trading-copilote\01-pipeline\bundles\sierrachart\sierra_62_momentum_trend.md
sierrachart	tpo_market_profile	C:\trading-copilote\01-pipeline\bundles\sierrachart\tpo_market_profile.md
cftc	cftc_glossary	C:\trading-copilote\01-pipeline\bundles\cftc\cftc_glossary.md
cftc	cot_about_reports	C:\trading-copilote\01-pipeline\bundles\cftc\cot_about_reports.md
cftc	cot_disaggregated_notes	C:\trading-copilote\01-pipeline\bundles\cftc\cot_disaggregated_notes.md
cftc	cot_historical_compressed	C:\trading-copilote\01-pipeline\bundles\cftc\cot_historical_compressed.md
cftc	cot_tff_notes	C:\trading-copilote\01-pipeline\bundles\cftc\cot_tff_notes.md
cftc	cot_variables_cit	C:\trading-copilote\01-pipeline\bundles\cftc\cot_variables_cit.md
cftc	cot_variables_disaggregated	C:\trading-copilote\01-pipeline\bundles\cftc\cot_variables_disaggregated.md
cftc	cot_variables_legacy	C:\trading-copilote\01-pipeline\bundles\cftc\cot_variables_legacy.md
cftc	cot_variables_tff	C:\trading-copilote\01-pipeline\bundles\cftc\cot_variables_tff.md
